code;label-en_US;label-fr_FR;allowed_extensions;auto_option_sorting;available_locales;date_max;date_min;decimals_allowed;default_metric_unit;description-en_US;description-fr_FR;group;localizable;max_characters;max_file_size;metric_family;minimum_input_length;negative_allowed;number_max;number_min;reference_data_name;scopable;sort_order;type;unique;useable_as_grid_filter;validation_regexp;validation_rule;wysiwyg_enabled
sku;UNIQUE ID;;;;;;;;;Primary ID code used within PCMT.  This must be unique across all entries regardless of product family / master data type.;;PRODUCT_CODING;0;;;;;;;;;0;1;pim_catalog_identifier;1;1;;;
MANU_SHORT;MANU_SHORT;;;;;;;;;Short name for the manufacturer.;;erp;0;;;;;;;;;0;3;pim_catalog_text;0;1;;;
BRAND_NAME;BRAND_NAME;;;;;;;;;The recognisable name used by a brand owner to uniquely identify a line of trade item or services. This is recognizable by the consumer.;;erp;0;;;;;;;;;0;8;pim_catalog_text;0;0;;;
BRAND_OWNER_NAME;BRAND_OWNER_NAME;;;;;;;;;The name of the brand owner of the trade item expressed in text.;;erp;0;;;;;;;;;0;9;pim_catalog_text;0;0;;;
BRAND_OWNER_LOCATION;BRAND_OWNER_LOCATION;;;;;;;;;The Global Location Number used to identify the organization that owns the brand.;;erp;0;;;;;;;;;0;10;pim_catalog_text;0;0;;;
BRAND_OWNER_GLN;BRAND_OWNER_GLN;;;;;;;;;The Global Location Number used to identify the organization that owns the brand.;;erp;0;;;;;;;;;0;11;pim_catalog_text;0;0;;;
MANUFACTURER_LOCATION;MANUFACTURER_LOCATION;;;;;;;;;The Global Location Number used to identify the organization that manufactures this trade item.;;erp;0;;;;;;;;;0;5;pim_catalog_text;0;0;;;
MANUFACTURER_GLN;MANUFACTURER_GLN;;;;;;;;;The Global Location Number used to identify the organization that manufactures this trade item.;;erp;0;;;;;;;;;0;6;pim_catalog_text;0;0;;;
MANUFACTURER_PART_NUM;MANUFACTURER_PART_NUM;;;;;;;;;;;erp;0;;;;;;;;;0;12;pim_catalog_text;0;0;;;
COUNTRY_OF_ORIGIN;COUNTRY_OF_ORIGIN;;;;;;;;;The country code (codes) in which the goods have been produced or manufactured, according to criteria established for the purposes of application of the value may or may not be presented on the trade item label.;;erp;0;;;;;;;;;0;7;pim_catalog_simpleselect;0;0;;;
price_reference;PRICE_REFERENCE;;;;;;;1;;Price to be used for generic reference value calculations.  Not the actual price.;;PRODUCT;0;;;;;;;;;0;3;pim_catalog_price_collection;0;1;;;
ITEM_DESCRIPTION;ITEM_DESCRIPTION;;;;;;;;;An understandable and useable description of a trade item using brand and other descriptors. Allows for the representation of the same value in different languages but not for multiple values.;;ITEM_OPTIONS;0;;;;;;;;;0;0;pim_catalog_text;0;1;;;
SHELF_LIFE_DAYS;SHELF_LIFE_DAYS;;;;;;;0;;The period of day, guaranteed by the manufacturer, before the expiration date of the product, based on the production.;;ITEM_OPTIONS;0;;;;;0;;;;0;4;pim_catalog_number;0;1;;;
STORAGE_INSTRUCTIONS;STORAGE_INSTRUCTIONS;;;;;;;;;Expresses in text the consumer storage instructions of a product which are normally held on the label or accompanying the product. This information may or may not be labeled on the pack. Instructions may refer to a suggested storage temperature, a specific storage requirement. Allows for the representation of the same value in different languages.;;ITEM_OPTIONS;0;;;;;;;;;0;5;pim_catalog_text;0;1;;;
TRADE_ITEM_UNIT_DESCRIPTOR;TRADE_ITEM_UNIT_DESCRIPTOR;;;;;;;;;Describes the hierarchical level of the trade item. TradeItemUnitIndicator is mandatory (e.g., case, pallet, etc.).;;ITEM_UOM;0;;;;;;;;;0;0;pim_catalog_simpleselect;0;1;;;
NET_CONTENT;NET_CONTENT;;;;;;;0;;"The amount of the trade item contained by a package, usually as claimed on the label. For example, Water 750ml - net content = ""750 MLT"" ; 20 count pack of diapers, net content = ""20 ea."". In case of multi-pack, indicates the net content of the total trade item. For fixed value trade items use the value claimed on the package, to avoid variable fill rate issue that arises with some trade item which are sold by volume or weight, and whose actual content may vary slightly from batch to batch. In case of variable quantity trade items, indicates the average quantity.";;ITEM_UOM;0;;;;;0;;;;0;3;pim_catalog_number;0;1;;;
NET_CONTENT_UOM;NET_CONTENT_UOM;;;1;;;;;;"The amount of the trade item contained by a package, usually as claimed on the label. For example, Water 750ml - net content = ""750 MLT"" ; 20 count pack of diapers, net content = ""20 ea."". In case of multi-pack, indicates the net content of the total trade item. For fixed value trade items use the value claimed on the package, to avoid variable fill rate issue that arises with some trade item which are sold by volume or weight, and whose actual content may vary slightly from batch to batch. In case of variable quantity trade items, indicates the average quantity.";;ITEM_UOM;0;;;;;;;;;0;4;pim_catalog_simpleselect;0;1;;;
PRODUCT_DESCRIPTION;PRODUCT_DESCRIPTION;DESCRIPTION DU PRODUIT;;;en_US,fr_FR;;;;;An understandable and useable description of a product focused on active ingrediant and other descriptors.;Une description compréhensible et utilisable d'un produit axé sur l'ingrédient actif et d'autres descripteurs.;PRODUCT;1;;;;;;;;;0;1;pim_catalog_text;0;1;;;
STRENGTH;STRENGTH;;;;;;;;;Used to define the strength of each ingredient in a trade item or unit volume of non-food and beverage the trade items.;;PRODUCT;0;;;;;;;;;0;8;pim_catalog_text;0;1;;;
ACTIVE_INGREDIENT;ACTIVE_INGREDIENT;;;;;;;;;Active ingredient as defined by ATC;;PRODUCT;0;;;;;;;;;0;9;pim_catalog_text;0;1;;;
DOSAGE_FORM;DOSAGE_FORM;;;;;;;;;A dosage form is the physical form of a medication that identifies the form of the pharmaceutical item.;;PRODUCT;0;;;;;;;;;0;5;pim_catalog_simpleselect;0;1;;;
ROUTE_OF_ADMINISTRATION;ROUTE_OF_ADMINISTRATION;;;1;;;;;;The description for the method(s) of administering the product. In pharmacology and toxicology, a route of administration is the path by which a drug, fluid, or other substance is brought into contact with the body.;;PRODUCT;0;;;;;;;;;0;6;pim_catalog_simpleselect;0;1;;;
UNSPSC_CODE;UNSPSC_CODE;;;;;;;;;;;PRODUCT_CODING;0;;;;;;;;;0;7;pim_catalog_text;0;1;;;
GPC_CODE;GPC_CODE;;;;;;;;;Code specifying a product category according to the GS1 Global Product Classification (GPC) standard.  The GPC brick code is mandatory in the GDSN.;;PRODUCT_CODING;0;;;;;;;;;0;8;pim_catalog_text;0;0;;;
ATC_CODE;ATC_CODE;;;;;;;;;;;PRODUCT_CODING;0;;;;;;;;;0;6;pim_catalog_text;0;0;;;
FREQUENCY;FREQUENCY;;;;;;;;;;;PRODUCT;0;;;;;;;;;0;4;pim_catalog_text;0;1;;;
GS1_TARGETMARKETCOUNTRYCODE;GS1 Target Market Country Code;;;;;;;;;The target market indicates the country where the trade item is intended to be sold. Combination of this field +GTIN+GLN uniquely identifies a trade item. In this instance, use Target Market: Development Assistance (D_A).;;GS1_GENERAL_ITEM_INFORMATION;0;;;;;;;;CountryCode;0;2;pim_reference_data_simpleselect;0;1;;;
GS1_BRANDNAME;GS1 Brand Name;;;;;;;;;The recognisable name used by a brand owner to uniquely identify a line of trade item or services. This is recognizable by the consumer.;;GS1_GENERAL_ITEM_INFORMATION;0;70;;;;;;;;0;3;pim_catalog_text;0;1;;;
GS1_STARTAVAILABILITYDATETIME;GS1 Start Availability Date Time;;;;;;;;;The date from which the trade item becomes available from the supplier, including seasonal or temporary trade items and services.;;GS1_GENERAL_ITEM_INFORMATION;0;;;;;;;;;0;7;pim_catalog_date;0;1;;;
GS1_ISTRADEITEMACONSUMERUNIT;GS1 Is Trade Item A Consumer Unit;;;;;;;;;Yes indicates this packaging level is the trade item intended for ultimate consumption. For retail, this trade item will be scanned at point of sale. At retail, this data is commonly used to select which GTINs should be used for shelf planning and for front end POS databases.;;GS1_UNIT_INDICATORS;0;;;;;;;;;0;1;pim_catalog_boolean;0;1;;;
GS1_ISTRADEITEMADESPATCHUNIT;GS1 Is Trade Item A Despatch Unit;;;;;;;;;Yes indicates that this packaging level is the trade item identified as the shipping unit.;;GS1_UNIT_INDICATORS;0;;;;;;;;;0;2;pim_catalog_boolean;0;1;;;
GS1_ISTRADEITEMANORDERABLEUNIT;GS1 Is Trade Item An Orderable Unit;;;;;;;;;Yes indicates that this trade item is the packaging level where the supplier will accept orders from retailer customers. This may be different from what the information provider identifies as a despatch unit.;;GS1_UNIT_INDICATORS;0;;;;;;;;;0;4;pim_catalog_boolean;0;0;;;
GS1_TRADEITEMDESCRIPTION;GS1 Trade Item Description;;;;;;;;;An understandable and useable description of a trade item using brand and other descriptors. Allows for the representation of the same value in different languages but not for multiple values.;;GS1_PRODUCT_DESCRIPTION_INFORMATION;0;200;;;;;;;;0;0;pim_catalog_text;0;1;;;
GS1_TOTALQUANTITYOFNEXTLOWERLEVELTRADEITEM;GS1 Total Quantity of Next Lower Level Trade Item;;;;;;;0;;This represents the Total quantity of next lower level trade items that this trade item contains.;;GS1_HIERARCHY;0;;;;;0;;;;0;6;pim_catalog_number;0;1;;;
GS1_MINIMUMTRADEITEMLIFESPANFROMTIMEOFPRODUCTION;GS1 Minimum Trade Item Lifespan From Production;;;;;;;0;;The period of days, guaranteed by the Manufacturer, before the expiration date of the product, based on the production.;;GS1_STORAGE_HANDLING_SHELF_LIFE;0;;;;;0;;;;0;5;pim_catalog_number;0;0;;;
GS1_ADDITIONALTRADEITEMDESCRIPTION;GS1 Additional Trade Item Description;;;;;;;;;Additional variants necessary to communicate to the industry to help define the product. Multiple variants can be established for each GTIN. This is a repeatable field, e.g. Style, Color, and Fragrance.  Allows for the representation of the same value in different languages but not for multiple values.;;GS1_PRODUCT_DESCRIPTION_INFORMATION;0;500;;;;;;;;0;4;pim_catalog_textarea;0;0;;;
GS1_SIZECODE;GS1 Size Code;;;;;;;;;The value from an industry specific code list required to identify the size of the trade item. Can be a combination of values which fully describe the trade item size (32 waist, 36 inseam);;GS1_PRODUCT_DESCRIPTION_INFORMATION;0;80;;;;;;;;0;6;pim_catalog_text;0;0;;;
GS1_COLOURDESCRIPTION;GS1 Colour Description;;;;;;;;;A description of a colour of an object.;;GS1_PRODUCT_DESCRIPTION_INFORMATION;0;80;;;;;;;;0;10;pim_catalog_text;0;0;;;
GS1_WARRANTYCONSTRAINT;GS1 Warranty Constraint;;;;;;;;;Determines the relationship between multiple warranty conditions for example “and”, “or” , “greatest”, “least”.;;GS1_WARRANTY_INFORMATION;0;35;;;;;;;;0;0;pim_catalog_text;0;0;;;
GS1_WARRANTYEFFECTIVEDATETYPE;GS1 Warranty Effective Date Type;;;;;;;;;The type of date associated with the warranty trade item usually expressed as an event date for the item for example date of purchase, date of manufacture or date of delivery.;;GS1_WARRANTY_INFORMATION;0;70;;;;;;;;0;2;pim_catalog_text;0;0;;;
GS1_WARRANTYTYPE;GS1 Warranty Type;;;;;;;;;The type of warranty available for the trade item for example labour, distance, extended service.;;GS1_WARRANTY_INFORMATION;0;70;;;;;;;;0;3;pim_catalog_text;0;0;;;
GS1_ISPACKAGINGMARKEDRETURNABLE;GS1 Is Packaging Marked Returnable;;;;;;;;;Indicates whether the packaging has markings to indicate returnable packaging (for example, a refund of aluminium cans returned to the point of purchase). Select Yes if the package markings indicate the packaging can be returned.;;GS1_PACKAGING_INFORMATION;0;;;;;;;;;0;3;pim_catalog_boolean;0;0;;;
GS1_QUANTITYOFNEXTLEVELTRADEITEMWITHININNERPACK;GS1 Quantity of Next Level Trade Item Within Inner Pack;;;;;;;0;;Indicates the number of next lower level trade items contained within the physical non-GTIN assigned each or inner-packs (inner-pack).;;GS1_HIERARCHY;0;;;;;0;;;;0;4;pim_catalog_number;0;0;;;
GS1_QUANTITYOFNEXTLOWERLEVELTRADEITEM;GS1 Quantity of Next Lower Level Trade Item;;;;;;;0;;The number of one child trade item (as identified by the association of ChildTradeItem class to TradeItemIdentification class) contained by the parent trade item. The child trade item must be in the hierarchy level immediately below the parent trade item.;;GS1_HIERARCHY;0;;;;;0;;;;0;5;pim_catalog_number;0;1;;;
GS1_QUANTITYOFCOMPLETELAYERSCONTAINEDINATRADEITEM;GS1 Quantity of Complete Layers Contained in a Trade Item;;;;;;;0;;The number of layers of the base trade item found in a trade item. Does not apply to the base trade item unit.;;GS1_PALLET_LOGISTIC_UNITS;0;;;;;0;;;;0;0;pim_catalog_number;0;0;;;
GS1_QUANTITYOFTRADEITEMSCONTAINEDINACOMPLETELAYER;GS1 Quantity of Trade Items Contained in a Complete Layer;;;;;;;0;;Indicates the number of trade items in a layer.;;GS1_PALLET_LOGISTIC_UNITS;0;;;;;0;;;;0;1;pim_catalog_number;0;0;;;
GS1_QUANTITYOFLAYERSPERPALLET;GS1 Quantity of Layers Per Pallet;;;;;;;0;;The number of layers that a pallet contains. Only used if the pallet has no GTIN. It indicates the number of layers that a pallet contains, according to supplier or retailer preferences.;;GS1_PALLET_LOGISTIC_UNITS;0;;;;;0;;;;0;2;pim_catalog_number;0;0;;;
GS1_QUANTITYOFTRADEITEMSPERPALLETLAYER;GS1 Quantity of Trade Items Per Pallet Layer;;;;;;;0;;The number of trade items contained on a single layer of a pallet. Only used if the pallet has no GTIN. It indicates the number of trade items placed on a pallet layer according to supplier or retailer preferences.;;GS1_PALLET_LOGISTIC_UNITS;0;;;;;0;;;;0;3;pim_catalog_number;0;0;;;
GS1_QUANTITYOFTRADEITEMSPERPALLET;GS1 Quantity of Trade Items Per Pallet;;;;;;;0;;The number of trade items contained in a pallet. Only used if the pallet has no GTIN. It indicates the number of trade items placed on a pallet according to supplier or retailer preferences.;;GS1_PALLET_LOGISTIC_UNITS;0;;;;;0;;;;0;4;pim_catalog_number;0;0;;;
GS1_CONSUMERUSAGEINSTRUCTIONS;GS1 Consumer Usage Instructions;;;;;;;;;Expresses in text the consumer usage instructions of a product which are normally held on the label or accompanying the product. This information may or may not be labeled on the pack. Instructions may refer to how the consumer is to use the product, This does not include storage, food preparations, and drug dosage and preparation instructions.  ;;GS1_STORAGE_HANDLING_SHELF_LIFE;0;1000;;;;;;;;0;1;pim_catalog_textarea;0;0;;;
GS1_CONSUMERSTORAGEINSTRUCTIONS;GS1 Consumer Storage Instructions;;;;;;;;;Expresses in text the consumer storage instructions of a product which are normally held on the label or accompanying the product. This information may or may not be labeled on the pack. Instructions may refer to a suggested storage temperature, a specific storage requirement. Allows for the representation of the same value in different languages.;;GS1_STORAGE_HANDLING_SHELF_LIFE;0;1000;;;;;;;;0;3;pim_catalog_textarea;0;0;;;
GS1_MINIMUMTRADEITEMLIFESPANFROMTIMEOFARRIVAL;GS1 Minimum Trade Item Lifespan From Arrival;;;;;;;0;;The period of days, guaranteed by the Manufacturer, before the expiration date of the Trade Item, based on arrival to a mutually agreed to point in the buyers distribution system.;;GS1_STORAGE_HANDLING_SHELF_LIFE;0;;;;;0;;;;0;6;pim_catalog_number;0;0;;;
GS1_NONFOODINGREDIENTNAME;GS1 Non Food Ingredient Name;;;;;;;;;The name of the non-food ingredient (for example ammonia).;;GS1_INGREDIENT_INFORMATION;0;500;;;;;;;;0;0;pim_catalog_textarea;0;0;;;
GS1_ISTRADEITEMABASEUNIT;GS1 Is Trade Item A Base Unit;;;;;;;;;Yes indicates this packaging level is the trade item that is at the lowest level in the item hierarchy.;;GS1_UNIT_INDICATORS;0;;;;;;;;;0;0;pim_catalog_boolean;0;1;;;
GS1_ISTRADEITEMANINVOICEUNIT;GS1 Is Trade Item An Invoice Unit;;;;;;;;;Yes indicates this packaging level is the trade item included in the supplier’s billing or invoice.;;GS1_UNIT_INDICATORS;0;;;;;;;;;0;3;pim_catalog_boolean;0;1;;;
GS1_IISTRADEITEMAVARIABLEUNIT;GS1 Is Trade Item A Variable Unit;;;;;;;;;Indicates that an article is not a fixed quantity, but that the quantity is variable. Can be weight, length, volume, trade item is used or traded in continuous rather than discrete quantities.;;GS1_UNIT_INDICATORS;0;;;;;;;;;0;5;pim_catalog_boolean;0;1;;;
GS1_CONTOLLEDSUBSTANCECODE;GS1 Controlled Substance Code;;;;;;;;;A code identifying the specific substance the item contains that is regulated under law as narcotics, stimulants, depressants, hallucinogens, anabolic steroids, and chemicals used in the illicit production of controlled substances.;;GS1_PHARMACEUTICAL_INFORMATION;0;80;;;;;;;;0;6;pim_catalog_text;0;0;;;
GS1_CONTROLLEDSUBSTANCENAME;GS1 Controlled Substance Name;;;;;;;;;The name of a specific substance the item contains that is regulated under law as narcotics, stimulants, depressants, hallucinogens, anabolic steroids, and chemicals used in the illicit production of controlled substances.;;GS1_PHARMACEUTICAL_INFORMATION;0;200;;;;;;;;0;7;pim_catalog_text;0;0;;;
GS1_ENUMERATIONVALUE;GS1 Route of Administration Code Value;;;;;;;;;A code for the method(s) of administering the product. In pharmacology and toxicology, a route of administration is the path by which a drug, fluid, or other substance is brought into contact with the body.;;GS1_PHARMACEUTICAL_INFORMATION;0;200;;;;;;;;0;11;pim_catalog_text;0;0;;;
GS1_ENUMERATIONVALUEDESCRIPTION;GS1 Route of Administration Code Description;;;;;;;;;The description for the method(s) of administering the product. In pharmacology and toxicology, a route of administration is the path by which a drug, fluid, or other substance is brought into contact with the body.;;GS1_PHARMACEUTICAL_INFORMATION;0;1000;;;;;;;;0;12;pim_catalog_textarea;0;0;;;
GS1_EXTERNALAGENCYNAME;GS1 Route of Administration Agency;;;;;;;;;The name of the agency that manages a code list external to GS1 for the method(s) of administering the product.;;GS1_PHARMACEUTICAL_INFORMATION;0;200;;;;;;;;0;14;pim_catalog_text;0;0;;;
GS1_EXTERNALCODELISTNAME;GS1 Route of Administration Code List;;;;;;;;;The name of the code list maintained by an agency external to GS1 for the method(s) of administering the product.;;GS1_PHARMACEUTICAL_INFORMATION;0;200;;;;;;;;0;15;pim_catalog_text;0;0;;;
GS1_PLACEOFPRODUCTACTIVITYCOUNTRYOFORIGINCOUNTRYCODE;GS1 Country Of Origin;;;;;;;;;The country code (codes) in which the goods have been produced or manufactured, according to criteria established for the purposes of application of the value may or may not be presented on the trade item label.;;GS1_GENERAL_ITEM_INFORMATION;0;;;;;;;;CountryCode;0;6;pim_reference_data_simpleselect;0;0;;;
GS1_BRANDOWNERGLN;GS1 Brand Owner GLN;;;;;;;;;The Global Location Number used to identify the organization that owns the brand.;;GS1_CONTACT_ROLE_INFORMATION;0;13;;;;;;;;0;0;pim_catalog_text;0;0;;;
GS1_BRANDOWNERPARTYNAME;GS1 Brand Owner Name;;;;;;;;;The name of the brand owner of the trade item expressed in text.;;GS1_CONTACT_ROLE_INFORMATION;0;200;;;;;;;;0;1;pim_catalog_text;0;0;;;
GS1_INFORMATIONPROVIDEROFTRADEITEMGLN;GS1 Information Provider GLN;;;;;;;;;Populate this field with the GLN of the entity responsible for the validity of the item information entered into your Data Pool. The original manufacturer, importer, distributor, retailer, or designated agent.;;GS1_CONTACT_ROLE_INFORMATION;0;13;;;;;;;;0;2;pim_catalog_text;0;1;;;
GS1_INFORMATIONPROVIDEROFTRADEITEMPARTYNAME;GS1 Information Provider Name;;;;;;;;;The name of the information provider expressed in text.;;GS1_CONTACT_ROLE_INFORMATION;0;200;;;;;;;;0;3;pim_catalog_text;0;0;;;
GS1_INFORMATIONPROVIDEROFTRADEITEMPARTYADDRESS;GS1 Information Provider Address;;;;;;;;;The address associated with the party. This could be the full company address.;;GS1_CONTACT_ROLE_INFORMATION;0;500;;;;;;;;0;4;pim_catalog_textarea;0;0;;;
GS1_MANUFACTUREROFTRADEITEMGLN;GS1 Manufacturer GLN;;;;;;;;;The Global Location Number used to identify the organization that manufactures this trade item.;;GS1_CONTACT_ROLE_INFORMATION;0;13;;;;;;;;0;5;pim_catalog_text;0;0;;;
GS1_MANUFACTUREROFTRADEITEMPARTYNAME;GS1 Manufacturer Name;;;;;;;;;The name of the manufacturer of this trade item.;;GS1_CONTACT_ROLE_INFORMATION;0;200;;;;;;;;0;6;pim_catalog_text;0;0;;;
GS1_MANUFACTUREROFTRADEITEMPARTYADDRESS;GS1 Manufacturer Address;;;;;;;;;The address associated with the manufacturer.;;GS1_CONTACT_ROLE_INFORMATION;0;500;;;;;;;;0;7;pim_catalog_textarea;0;0;;;
GS1_HAZARDOUSWASTEINFORMATIONNONHAZARDOUSWASTEDESCRIPTION;GS1 Non Hazardous Waste Description;;;;;;;;;A classification of non-hazardous waste managed at the federal or state level for example a code for disposal of latex paint.;;GS1_DANGEROUS_HAZARDOUS_GOODS_INFORMATION;0;1000;;;;;;;;0;8;pim_catalog_textarea;0;0;;;
GS1_FUNCTIONALNAME;GS1 Functional Name;;;;;;;;;Describes use of the product or service by the consumer. Should help clarify the product classification associated with the GTIN. Allows for the representation of the same value in different languages but not for multiple values.;;GS1_GENERAL_ITEM_INFORMATION;0;35;;;;;;;;0;4;pim_catalog_text;0;1;;;
GS1_EFFECTIVEDATETIME;GS1 Effective Date Time;;;;;;;;;Date on which the master data becomes valid.;;GS1_GENERAL_ITEM_INFORMATION;0;;;;;;;;;0;8;pim_catalog_date;0;1;;;
GS1_DESCRIPTIONSHORT;GS1 Description Short;;;;;;;;;A short textual description associated with the product. This description can be used on the cash register receipt. This is the first line of the description.;;GS1_PRODUCT_DESCRIPTION_INFORMATION;0;35;;;;;;;;0;2;pim_catalog_text;0;1;;;
GS1_GS1TRADEITEMIDENTIFICATIONKEYVALUE;GS1 Trade Item Identification Key Value;;;;;;;;;"The Global Trade Item Number for the trade item presented in its assigned structure (i.e., 8 digits; 12 digits; 13 digits; or 14digits).";;GS1_PACKAGING_INFORMATION;0;70;;;;;;;;0;1;pim_catalog_text;0;0;;;
GS1_DOSAGERECOMMENDATION;GS1 Dosage Recommendation;;;;;;;;;Information pertaining to the dosage of drug or supplement that should be taken/administered per dose. This is not based upon prescribed dosage, but recommended dosage. This may be pre-labeled on product or need to be labeled per target market regulations. Example Take 2 tablets every 4 hours, Take 1 teaspoon daily, etc.;;GS1_PHARMACEUTICAL_INFORMATION;0;2500;;;;;;;;0;1;pim_catalog_textarea;0;0;;;
GS1_DOSAGERESTRICTIONLIMITS;GS1 Dosage Restriction Limits;;;;;;;;;Information pertaining to the dosage of drug or supplement that should be taken/administered in a limited quantity. This is not based upon prescribed dosage, but recommended restrictions. This may be pre-labeled on product or need to be labeled per target market regulations. Example Do not exceed no more than 8 tablets per day, Do not exceed use for more than 14 days, etc.;;GS1_PHARMACEUTICAL_INFORMATION;0;2500;;;;;;;;0;3;pim_catalog_textarea;0;0;;;
GS1_GPCCATEGORYCODE;GS1 GPC Category (Brick) Code;;;;;;;;;Code specifying a product category according to the GS1 Global Product Classification (GPC) standard.  The GPC brick code is mandatory in the GDSN.;;GS1_CLASSIFICATIONS;0;8;;;;;;;;0;0;pim_catalog_text;0;1;;;
GS1_HAZARDOUSWASTEINFORMATIONHAZARDOUSWASTEAGENCY;GS1 Hazardous Waste Agency;;;;;;;;;The Agency for the Classification of Hazardous Waste. The specific hazardous waste code for the federal or state regulation that applies to the product for example US EPA.;;GS1_DANGEROUS_HAZARDOUS_GOODS_INFORMATION;0;200;;;;;;;;0;2;pim_catalog_text;0;0;;;
GS1_HAZARDOUSWASTEINFORMATIONHAZARDOUSWASTECODE;GS1 Hazardous Waste Code;;;;;;;;;A classification of hazardous waste managed at the federal or state level for example EPA Hazardous Waste Code of D001 (Ignitable waste).;;GS1_DANGEROUS_HAZARDOUS_GOODS_INFORMATION;0;35;;;;;;;;0;3;pim_catalog_text;0;0;;;
GS1_HAZARDOUSWASTEINFORMATIONHAZARDOUSWASTEDESCRIPTION;GS1 Hazardous Waste Description;;;;;;;;;A description of the classification of hazardous waste managed at the federal or state level for example EPA Hazardous Waste Code of D001 Ignitable waste).;;GS1_DANGEROUS_HAZARDOUS_GOODS_INFORMATION;0;1000;;;;;;;;0;4;pim_catalog_textarea;0;0;;;
SOURCE_OF_DATA;SOURCE SUPPLIER;;;0;;;;;;Source supplier of the product and its corresponding data;;PRODUCT_CODING;0;;;;1;;;;;0;4;pim_catalog_simpleselect;0;1;;;
MANUFACTURER_NAME;MANUFACTURER NAME;;;0;;;;;;The name of the manufacturer of this trade item.;;erp;0;;;;2;;;;;0;0;pim_catalog_simpleselect;0;1;;;
LABELING;LABELING;;;0;;;;;;Select the language/labeling description that matches this individual instance of the trade item.;;ITEM_OPTIONS;0;;;;;;;;;0;1;pim_catalog_simpleselect;0;1;;;
GS1_SAFETYDATASHEETINFORMATIONISREGULATEDFORTRANSPORTATION;GS1 Is Regulated For Transportation;;;;;;;;;An indicator whether the Trade Item is regulated for shipment by any agency.;;GS1_DANGEROUS_HAZARDOUS_GOODS_INFORMATION;0;;;;;;;;;0;1;pim_catalog_simpleselect;0;0;;;
GS1_ISINGREDIENTGENERIC;GS1 Is Ingredient Generic;;;;;;;;;Determines whether the ingredient is classified as being generic.;;GS1_INGREDIENT_INFORMATION;0;;;;;;;;;0;6;pim_catalog_simpleselect;0;0;;;
GS1_ISINGREDIENTACTIVE;GS1 Is Ingredient Active;;;;;;;;;Determines whether the ingredient helps directly in achieving the objectives of the trade item.;;GS1_INGREDIENT_INFORMATION;0;;;;;;;;;0;5;pim_catalog_simpleselect;0;0;;;
GS1_ISDANGEROUSSUBSTANCE;GS1 Is Dangerous Substance;;;;;;;;;Indicates if item is considered to be a dangerous substance.;;GS1_DANGEROUS_HAZARDOUS_GOODS_INFORMATION;0;;;;;;;;;0;0;pim_catalog_simpleselect;0;0;;;
GS1_HAZARDOUSWASTEINFORMATIONISUNIVERSALWASTE;GS1 Is Universal Waste;;;;;;;;;Indicates if a product can be considered universal waste. Universal waste is defined as wastes that do not meet the regulatory definition of hazardous waste but are managed under special, tailored regulations.;;GS1_DANGEROUS_HAZARDOUS_GOODS_INFORMATION;0;;;;;;;;;0;7;pim_catalog_simpleselect;0;0;;;
GS1_DOESITEMCONTAINACONTROLLEDSUBSTANCE;GS1 Does Item Contain A Controlled Substance;;;;;;;;;Indicates whether the item contains substances that are regulated under law as narcotics, stimulants, depressants, hallucinogens, anabolic steroids, and chemicals used in the illicit production of controlled substances.;;GS1_PHARMACEUTICAL_INFORMATION;0;;;;;;;;;0;5;pim_catalog_simpleselect;0;0;;;
GS1_DOSAGEFORMTYPECODEREFERENCE;GS1 Dosage Form Type Code Reference;;;;;;;;;A dosage form is the physical form of a medication that identifies the form of the pharmaceutical item.;;GS1_PHARMACEUTICAL_INFORMATION;0;;;;;;;;;0;0;pim_catalog_text;0;0;;;
GS1_CONTROLLEDSUBSTANCESCHEDULECODEREFERENCE;GS1 Controlled Substance Schedule Code;;;;;;;;;A code that rates a controlled substance based upon the degree of the substance's medicinal value, harmfulness, and potential for abuse or addiction.;;GS1_PHARMACEUTICAL_INFORMATION;0;;;;;;;;;0;10;pim_catalog_text;0;0;;;
GS1_COLOURCODE;GS1 Colour Code;;;;;;;;;Code specifying a colour.;;GS1_PRODUCT_DESCRIPTION_INFORMATION;0;;;;;;;;;0;9;pim_catalog_text;0;0;;;
MAX_TEMPERATURE_MEASURE;MAX_TEMPERATURE_MEASURE;;;;;;;1;CELSIUS;The maximum temperature that a Trade Item can be held without affecting product safety or quality (as defined by the manufacturer).;;ITEM_OPTIONS;0;;;Temperature;;1;;;;0;2;pim_catalog_metric;0;1;;;
MIN_TEMPERATURE_MEASURE;MIN_TEMPERATURE_MEASURE;;;;;;;1;CELSIUS;The minimum temperature that a Trade Item can be held without affecting product safety or quality (as defined by the manufacturer).;;ITEM_OPTIONS;0;;;Temperature;;1;;;;0;3;pim_catalog_metric;0;1;;;
GROSS_WEIGHT_MEASURE;GROSS_WEIGHT_MEASURE;;;;;;;1;KILOGRAM;Used to identify the gross weight of the trade item. The gross weight includes all packaging materials of the trade item. At pallet level the trade item, grossWeight includes the weight of the pallet itself.;;ITEM_UOM;0;;;Weight;;1;;;;0;10;pim_catalog_metric;0;0;;;
HEIGHT_MEASURE;HEIGHT_MEASURE;;;;;;;1;INCH;The vertical dimension from the lowest extremity to the highest extremity.;;ITEM_UOM;0;;;Length;;1;;;;0;7;pim_catalog_metric;0;0;;;
WIDTH_MEASURE;WIDTH_MEASURE;;;;;;;1;INCH;The measurement of the extent of something from side to side. Width is the measurement from left to right.;;ITEM_UOM;0;;;Length;;1;;;;0;8;pim_catalog_metric;0;0;;;
VOLUME_MEASURE;VOLUME_MEASURE;;;;;;;1;CUBIC_CENTIMETER;The dimensions of an imaginary cube which can be drawn around the trade item as defined in the formula of H X W X D. This only applies to In-box dimensions. Level of Hierarchy applied to- All.;;ITEM_UOM;0;;;Volume;;1;;;;0;11;pim_catalog_metric;0;0;;;
L3;METHOD;;;1;;;;;;Description of the commodity and/or brick categorization;;PRODUCT_CODING;0;;;;;;;;;0;0;pim_catalog_simpleselect;0;1;;;
DEPTH_MEASURE;DEPTH_MEASURE;;;;;;;1;INCH;Measurement of the distance between the front and the back.;;ITEM_UOM;0;;;Length;;1;;;;0;9;pim_catalog_metric;0;0;;;
MD_RECIPIENT_MAPPING_SOURCEID;MD SOURCEID;;;;;;;;;The ID code being provided from the source organization to be used to perform the lookup.  In the case of UNFPA, these are concatenated codes that pulled together to lookup here.;;MD_RECIPIENT_MAPPING;0;;;;;;;;;0;2;pim_catalog_text;0;1;;;
MD_RECIPIENT_MAPPING_SOURCERECIPIENTNAME;MD SOURCERECIPIENTNAME;;;;;;;;;Normalized name/value to return on successful lookup;;MD_RECIPIENT_MAPPING;0;;;;;;;;;0;3;pim_catalog_text;0;1;;;
MD_SUPPLIER_MAPPING_SOURCE_SUPPLIER_ID;MD SOURCE SUPPLIER ID;;;;;;;;;The ID code being provided from the source organization to be used to perform the lookup;;MD_SUPPLIER_MAPPING;0;;;;;;;;;0;2;pim_catalog_text;0;1;;;
MD_SUPPLIER_MAPPING_GFPVAN_SUPPLIER_ID;MD GFPVAN SUPPLIER ID;;;;;;;;;Internal GFPVAN ID;;MD_SUPPLIER_MAPPING;0;;;;;;;;;0;3;pim_catalog_text;0;0;;;
MD_HUB_COUNTRYISOCODE;MD COUNTRY;;;;;;;;;2-digit ISO code for the country.  Note, while this displays the full country name, the stored/transmitted value is the 2-digit version;;MD_HUB_MASTER;0;;;;;;;;;0;0;pim_catalog_simpleselect;0;1;;;
MD_HUB_COUNTRY_DESCRIPTION;MD COUNTRY DESCRIPTION;;;;;;;;;Full country name.  Based on ISO.;;MD_HUB_MASTER;0;;;;;;;;;0;1;pim_catalog_text;0;1;;;
MD_HUB_HARDCODE_CUSTOMER;MD HARDCODE CUSTOMER;;;;;;;;;Required for E2Open.  Hardcode to CUSTOMER;;MD_HUB_MASTER;0;;;;;;;;;0;12;pim_catalog_text;0;0;;;
MD_HUB_DUNS;MD DUNS;;;;;;;;;Not used;;MD_HUB_MASTER_EXTRA;0;;;;;;;;;0;0;pim_catalog_text;0;0;;;
MD_HUB_GLOBAL_ENTERPRISE_ID;MD GLOBAL ENTERPRISE ID;;;;;;;0;;Each country will have an integer enterprise id assigned to them.  All country bucket's will be assigned to the same global enterprise id.;;MD_HUB_MASTER;0;;;;;0;;;;0;2;pim_catalog_number;0;1;;;
MD_SUPPLIER_MASTER_SUPPLIERID;MD SUPPLIERID;;;;;;;;;Internal GFPVAN ID;;MD_SUPPLIER_MASTER;0;;;;;;;;;0;0;pim_catalog_text;0;1;;;
MD_SUPPLIER_MASTER_SUPPLIERNAME;MD SUPPLIER NAME;;;;;;;;;Name of the Supplier.  Will be used as the standardized name for displaying to users.;;MD_SUPPLIER_MASTER;0;;;;;;;;;0;0;pim_catalog_text;0;1;;;
MD_SUPPLIER_MAPPING_SOURCE;MD SOURCE PROVIDER Supplier;;;;;;;;;Informational only.  Not used in the lookup process.;;MD_SUPPLIER_MAPPING;0;;;;;;;;;0;0;pim_catalog_text;0;1;;;
MD_RECIPIENT_MAPPING_SOURCEORG;MD SOURCEORG Recipient;;;;;;;;;The name of the providing organization that this mapping apply's to.  Tread as a Name Space function to allow individual organizations to map identical id codes differently.;;MD_RECIPIENT_MAPPING;0;;;;;;;;;0;0;pim_catalog_text;0;1;;;
MD_RECIPIENT_MAPPING_SOURCE_PROVIDER;MD SOURCE PROVIDER Recipient;;;;;;;;;Informational only.  Not used in the lookup process.;;MD_RECIPIENT_MAPPING;0;;;;;;;;;0;1;pim_catalog_text;0;1;;;
MD_HUB_ENTERPRISE_SUPPLIER_TAX_NUMBER;MD ENTERPRISE_SUPPLIER_TAX_NUMBER;;;;;;;;;Not used;;MD_HUB_MASTER_EXTRA;0;;;;;;;;;0;0;pim_catalog_text;0;0;;;
MD_HUB_ENTERPRISE_ADDRESS_EXTERNAL_ID;MD ENTERPRISE_ADDRESS_EXTERNAL_ID;;;;;;;;;Not used;;MD_HUB_MASTER_EXTRA;0;;;;;;;;;0;0;pim_catalog_text;0;0;;;
MD_HUB_ENTERPRISE_ADDRESS_DESCRIPTOR;MD ENTERPRISE_ADDRESS_DESCRIPTOR;;;;;;;;;Not used;;MD_HUB_MASTER_EXTRA;0;;;;;;;;;0;0;pim_catalog_text;0;0;;;
MD_HUB_ENTERPRISE_ADDRESS_1;MD ENTERPRISE_ADDRESS_1;;;;;;;;;Not used;;MD_HUB_MASTER_EXTRA;0;;;;;;;;;0;0;pim_catalog_text;0;0;;;
MD_HUB_ENTERPRISE_ADDRESS_2;MD ENTERPRISE_ADDRESS_2;;;;;;;;;Not used;;MD_HUB_MASTER_EXTRA;0;;;;;;;;;0;0;pim_catalog_text;0;0;;;
MD_HUB_ENTERPRISE_ADDRESS_3;MD ENTERPRISE_ADDRESS_3;;;;;;;;;Not used;;MD_HUB_MASTER_EXTRA;0;;;;;;;;;0;0;pim_catalog_text;0;0;;;
MD_HUB_ENTERPRISE_ADDRESS_4;MD ENTERPRISE_ADDRESS_4;;;;;;;;;Not used;;MD_HUB_MASTER_EXTRA;0;;;;;;;;;0;0;pim_catalog_text;0;0;;;
MD_HUB_ENTERPRISE_ADDRESS_5;MD ENTERPRISE_ADDRESS_5;;;;;;;;;Not used;;MD_HUB_MASTER_EXTRA;0;;;;;;;;;0;0;pim_catalog_text;0;0;;;
MD_HUB_ENTERPRISE_CITY;MD ENTERPRISE_CITY;;;;;;;;;Not used;;MD_HUB_MASTER_EXTRA;0;;;;;;;;;0;0;pim_catalog_text;0;0;;;
MD_HUB_ENTERPRISE_COUNTY;MD ENTERPRISE_COUNTY;;;;;;;;;Not used;;MD_HUB_MASTER_EXTRA;0;;;;;;;;;0;0;pim_catalog_text;0;0;;;
MD_HUB_ENTERPRISE_STATE;MD ENTERPRISE_STATE;;;;;;;;;Not used;;MD_HUB_MASTER_EXTRA;0;;;;;;;;;0;0;pim_catalog_text;0;0;;;
MD_HUB_ENTERPRISE_COUNTRY;MD ENTERPRISE_COUNTRY;;;;;;;;;Not used;;MD_HUB_MASTER_EXTRA;0;;;;;;;;;0;0;pim_catalog_text;0;0;;;
MD_HUB_ENTERPRISE_ZIP;MD ENTERPRISE_ZIP;;;;;;;;;Not used;;MD_HUB_MASTER_EXTRA;0;;;;;;;;;0;0;pim_catalog_text;0;0;;;
MD_HUB_BILL_TO_ADDRESS_EXTERNAL_ID;MD BILL_TO_ADDRESS_EXTERNAL_ID;;;;;;;;;Not used;;MD_HUB_MASTER_EXTRA;0;;;;;;;;;0;0;pim_catalog_text;0;0;;;
MD_HUB_BILL_TO_ADDRESS_DESCRIPTOR;MD BILL_TO_ADDRESS_DESCRIPTOR;;;;;;;;;Not used;;MD_HUB_MASTER_EXTRA;0;;;;;;;;;0;0;pim_catalog_text;0;0;;;
MD_HUB_BILL_TO_ADDRESS_1;MD BILL_TO_ADDRESS_1;;;;;;;;;Not used;;MD_HUB_MASTER_EXTRA;0;;;;;;;;;0;0;pim_catalog_text;0;0;;;
MD_HUB_BILL_TO_ADDRESS_2;MD BILL_TO_ADDRESS_2;;;;;;;;;Not used;;MD_HUB_MASTER_EXTRA;0;;;;;;;;;0;0;pim_catalog_text;0;0;;;
MD_HUB_BILL_TO_ADDRESS_3;MD BILL_TO_ADDRESS_3;;;;;;;;;Not used;;MD_HUB_MASTER_EXTRA;0;;;;;;;;;0;0;pim_catalog_text;0;0;;;
MD_HUB_BILL_TO_ADDRESS_4;MD BILL_TO_ADDRESS_4;;;;;;;;;Not used;;MD_HUB_MASTER_EXTRA;0;;;;;;;;;0;0;pim_catalog_text;0;0;;;
MD_HUB_BILL_TO_ADDRESS_5;MD BILL_TO_ADDRESS_5;;;;;;;;;Not used;;MD_HUB_MASTER_EXTRA;0;;;;;;;;;0;0;pim_catalog_text;0;0;;;
MD_HUB_BILL_TO_CITY;MD BILL_TO_CITY;;;;;;;;;Not used;;MD_HUB_MASTER_EXTRA;0;;;;;;;;;0;0;pim_catalog_text;0;0;;;
MD_HUB_BILL_TO_COUNTY;MD BILL_TO_COUNTY;;;;;;;;;Not used;;MD_HUB_MASTER_EXTRA;0;;;;;;;;;0;0;pim_catalog_text;0;0;;;
MD_HUB_BILL_TO_STATE;MD BILL_TO_STATE;;;;;;;;;Not used;;MD_HUB_MASTER_EXTRA;0;;;;;;;;;0;0;pim_catalog_text;0;0;;;
MD_HUB_BILL_TO_COUNTRY;MD BILL_TO_COUNTRY;;;;;;;;;Not used;;MD_HUB_MASTER_EXTRA;0;;;;;;;;;0;0;pim_catalog_text;0;0;;;
MD_HUB_BILL_TO_ZIP;MD BILL_TO_ZIP;;;;;;;;;Not used;;MD_HUB_MASTER_EXTRA;0;;;;;;;;;0;0;pim_catalog_text;0;0;;;
MD_HUB_REMIT_TO_ADDRESS_EXTERNAL_ID;MD REMIT_TO_ADDRESS_EXTERNAL_ID;;;;;;;;;Not used;;MD_HUB_MASTER_EXTRA;0;;;;;;;;;0;0;pim_catalog_text;0;0;;;
MD_HUB_REMIT_TO_ADDRESS_DESCRIPTOR;MD REMIT_TO_ADDRESS_DESCRIPTOR;;;;;;;;;Not used;;MD_HUB_MASTER_EXTRA;0;;;;;;;;;0;0;pim_catalog_text;0;0;;;
MD_HUB_REMIT_TO_ADDRESS_1;MD REMIT_TO_ADDRESS_1;;;;;;;;;Not used;;MD_HUB_MASTER_EXTRA;0;;;;;;;;;0;0;pim_catalog_text;0;0;;;
MD_HUB_REMIT_TO_ADDRESS_2;MD REMIT_TO_ADDRESS_2;;;;;;;;;Not used;;MD_HUB_MASTER_EXTRA;0;;;;;;;;;0;0;pim_catalog_text;0;0;;;
MD_HUB_REMIT_TO_ADDRESS_3;MD REMIT_TO_ADDRESS_3;;;;;;;;;Not used;;MD_HUB_MASTER_EXTRA;0;;;;;;;;;0;0;pim_catalog_text;0;0;;;
MD_HUB_REMIT_TO_ADDRESS_4;MD REMIT_TO_ADDRESS_4;;;;;;;;;Not used;;MD_HUB_MASTER_EXTRA;0;;;;;;;;;0;0;pim_catalog_text;0;0;;;
MD_HUB_REMIT_TO_ADDRESS_5;MD REMIT_TO_ADDRESS_5;;;;;;;;;Not used;;MD_HUB_MASTER_EXTRA;0;;;;;;;;;0;0;pim_catalog_text;0;0;;;
MD_HUB_REMIT_TO_CITY;MD REMIT_TO_CITY;;;;;;;;;Not used;;MD_HUB_MASTER_EXTRA;0;;;;;;;;;0;0;pim_catalog_text;0;0;;;
MD_HUB_REMIT_TO_COUNTY;MD REMIT_TO_COUNTY;;;;;;;;;Not used;;MD_HUB_MASTER_EXTRA;0;;;;;;;;;0;0;pim_catalog_text;0;0;;;
MD_HUB_REMIT_TO_STATE;MD REMIT_TO_STATE;;;;;;;;;Not used;;MD_HUB_MASTER_EXTRA;0;;;;;;;;;0;0;pim_catalog_text;0;0;;;
MD_HUB_REMIT_TO_COUNTRY;MD REMIT_TO_COUNTRY;;;;;;;;;Not used;;MD_HUB_MASTER_EXTRA;0;;;;;;;;;0;0;pim_catalog_text;0;0;;;
MD_HUB_REMIT_TO_ZIP;MD REMIT_TO_ZIP;;;;;;;;;Not used;;MD_HUB_MASTER_EXTRA;0;;;;;;;;;0;0;pim_catalog_text;0;0;;;
MD_HUB_BPO_INVOICE_BASE;MD BPO_INVOICE_BASE;;;;;;;;;Not used;;MD_HUB_MASTER_EXTRA;0;;;;;;;;;0;0;pim_catalog_text;0;0;;;
MD_HUB_BPO_SHIPMENT_CLOSING_POLICY;MD BPO_SHIPMENT_CLOSING_POLICY;;;;;;;;;Not used;;MD_HUB_MASTER_EXTRA;0;;;;;;;;;0;0;pim_catalog_text;0;0;;;
MD_HUB_BPO_SHIPMENT_RECEIPT_REF;MD BPO_SHIPMENT_RECEIPT_REF;;;;;;;;;Not used;;MD_HUB_MASTER_EXTRA;0;;;;;;;;;0;0;pim_catalog_text;0;0;;;
MD_HUB_AVERAGE_CONSUMPTION_RATE_IN_PAST;MD AVERAGE_CONSUMPTION_RATE_IN_PAST;;;;;;;;;Not used;;MD_HUB_MASTER_EXTRA;0;;;;;;;;;0;0;pim_catalog_text;0;0;;;
MD_HUB_BUCKET_DESCRIPTION;MD BUCKET_DESCRIPTION;;;;;;;;;User friendly description for the joint supply planning group/bucket;;MD_HUB_MASTER;0;;;;;;;;;0;4;pim_catalog_text;0;1;;;
MD_HUB_SITE_TYPE;MD SITE_TYPE;;;;;;;;;Required for E2Open.  Hardcode to Forecast;;MD_HUB_MASTER;0;;;;;;;;;0;11;pim_catalog_text;0;0;;;
MD_HUB_SITE_HIERARCHY_LEVEL_1;MD SITE_HIERARCHY_LEVEL_1;;;;;;;;;Not used;;MD_HUB_MASTER_EXTRA;0;;;;;;;;;0;0;pim_catalog_text;0;0;;;
MD_HUB_SITE_HIERARCHY_LEVEL_2;MD SITE_HIERARCHY_LEVEL_2;;;;;;;;;Not used;;MD_HUB_MASTER_EXTRA;0;;;;;;;;;0;0;pim_catalog_text;0;0;;;
MD_HUB_SITE_HIERARCHY_LEVEL_3;MD SITE_HIERARCHY_LEVEL_3;;;;;;;;;Not used;;MD_HUB_MASTER_EXTRA;0;;;;;;;;;0;0;pim_catalog_text;0;0;;;
MD_HUB_SITE_HIERARCHY_LEVEL_4;MD SITE_HIERARCHY_LEVEL_4;;;;;;;;;Not used;;MD_HUB_MASTER_EXTRA;0;;;;;;;;;0;0;pim_catalog_text;0;0;;;
MD_HUB_SITE_HIERARCHY_LEVEL_5;MD SITE_HIERARCHY_LEVEL_5;;;;;;;;;Not used;;MD_HUB_MASTER_EXTRA;0;;;;;;;;;0;0;pim_catalog_text;0;0;;;
MD_HUB_SHIP_TO_ADDRESS_EXTERNAL_ID;MD SHIP_TO_ADDRESS_EXTERNAL_ID;;;;;;;;;Not used;;MD_HUB_MASTER_EXTRA;0;;;;;;;;;0;0;pim_catalog_text;0;0;;;
MD_HUB_SHIP_TO_ADDRESS_DESCRIPTOR;MD SHIP_TO_ADDRESS_DESCRIPTOR;;;;;;;;;Not used;;MD_HUB_MASTER_EXTRA;0;;;;;;;;;0;0;pim_catalog_text;0;0;;;
MD_HUB_SHIP_TO_ADDRESS_1;MD SHIP_TO_ADDRESS_1;;;;;;;;;Not used;;MD_HUB_MASTER_EXTRA;0;;;;;;;;;0;0;pim_catalog_text;0;0;;;
MD_HUB_SHIP_TO_ADDRESS_2;MD SHIP_TO_ADDRESS_2;;;;;;;;;Not used;;MD_HUB_MASTER_EXTRA;0;;;;;;;;;0;0;pim_catalog_text;0;0;;;
MD_HUB_SHIP_TO_ADDRESS_3;MD SHIP_TO_ADDRESS_3;;;;;;;;;Not used;;MD_HUB_MASTER_EXTRA;0;;;;;;;;;0;0;pim_catalog_text;0;0;;;
MD_HUB_SHIP_TO_ADDRESS_4;MD SHIP_TO_ADDRESS_4;;;;;;;;;Not used;;MD_HUB_MASTER_EXTRA;0;;;;;;;;;0;0;pim_catalog_text;0;0;;;
MD_HUB_SHIP_TO_ADDRESS_5;MD SHIP_TO_ADDRESS_5;;;;;;;;;Not used;;MD_HUB_MASTER_EXTRA;0;;;;;;;;;0;0;pim_catalog_text;0;0;;;
MD_HUB_SHIP_TO_CITY;MD SHIP_TO_CITY;;;;;;;;;Not used;;MD_HUB_MASTER_EXTRA;0;;;;;;;;;0;0;pim_catalog_text;0;0;;;
MD_HUB_SHIP_TO_COUNTY;MD SHIP_TO_COUNTY;;;;;;;;;Not used;;MD_HUB_MASTER_EXTRA;0;;;;;;;;;0;0;pim_catalog_text;0;0;;;
MD_HUB_SHIP_TO_STATE;MD SHIP_TO_STATE;;;;;;;;;Not used;;MD_HUB_MASTER_EXTRA;0;;;;;;;;;0;0;pim_catalog_text;0;0;;;
MD_HUB_SHIP_TO_COUNTRY;MD SHIP_TO_COUNTRY;;;;;;;;;Not used;;MD_HUB_MASTER_EXTRA;0;;;;;;;;;0;0;pim_catalog_text;0;0;;;
MD_HUB_SHIP_TO_ZIP;MD SHIP_TO_ZIP;;;;;;;;;Not used;;MD_HUB_MASTER_EXTRA;0;;;;;;;;;0;0;pim_catalog_text;0;0;;;
MD_HUB_VMI_INVENTORY_BASE_POLICY;MD VMI_INVENTORY_BASE_POLICY;;;;;;;;;Required for E2Open.  Hardcode to Avg-Forecast-Based;;MD_HUB_MASTER_EXTRA;0;;;;;;;;;0;7;pim_catalog_text;0;0;;;
MD_HUB_VMI_SUPPLY_INCLUSION_POLICY;MD VMI_SUPPLY_INCLUSION_POLICY;;;;;;;;;Required for E2Open. Hardcode to No-Replensighment;;MD_HUB_MASTER_EXTRA;0;;;;;;;;;0;8;pim_catalog_text;0;0;;;
MD_HUB_WORKING_DAYS;MD WORKING_DAYS;;;;;;;;;Not used;;MD_HUB_MASTER_EXTRA;0;;;;;;;;;0;9;pim_catalog_text;0;0;;;
MD_HUB_MONTHS_FOR_AVG_CONSUMPTION;MD MONTHS_FOR_AVG_CONSUMPTION;;;;;;;0;;Not used;;MD_HUB_MASTER_EXTRA;0;;;;;0;;;;0;0;pim_catalog_number;0;0;;;
MD_HUB_COMMIT_QUANTITY_TOLERANCE_MIN;MD COMMIT_QUANTITY_TOLERANCE_MIN;;;;;;;;;Not used;;MD_HUB_MASTER_EXTRA;0;;;;;;;;;0;0;pim_catalog_text;0;0;;;
MD_HUB_COMMIT_QUANTITY_TOLERANCE_MAX;MD COMMIT_QUANTITY_TOLERANCE_MAX;;;;;;;;;Not used;;MD_HUB_MASTER_EXTRA;0;;;;;;;;;0;0;pim_catalog_text;0;0;;;
MD_HUB_BLANKET_ORDER_EXPIRY_TOLERANCE;MD BLANKET_ORDER_EXPIRY_TOLERANCE;;;;;;;;;Not used;;MD_HUB_MASTER_EXTRA;0;;;;;;;;;0;0;pim_catalog_text;0;0;;;
MD_HUB_SHIPMENT_DELIVERY_DATE_CHANGE_TOLERANCE_DAYS;MD SHIPMENT_DELIVERY_DATE_CHANGE_TOLERANCE_DAYS;;;;;;;0;;Not used;;MD_HUB_MASTER_EXTRA;0;;;;;0;;;;0;10;pim_catalog_number;0;0;;;
MD_HUB_SHIPMENT_RECEIVE_PENDING_TOLERANCE_DAYS;MD SHIPMENT_RECEIVE_PENDING_TOLERANCE_DAYS;;;;;;;0;;Not used;;MD_HUB_MASTER_EXTRA;0;;;;;0;;;;0;11;pim_catalog_number;0;0;;;
MD_HUB_SHIPMENT_ALERT_WINDOW_DAYS;MD SHIPMENT_ALERT_WINDOW_DAYS;;;;;;;0;;Not used;;MD_HUB_MASTER_EXTRA;0;;;;;0;;;;0;12;pim_catalog_number;0;0;;;
MD_HUB_DAYS_TO_MOVE_SHIPMENTS_TO_RECEIVED;MD DAYS_TO_MOVE_SHIPMENTS_TO_RECEIVED;;;;;;;;;Not used;;MD_HUB_MASTER_EXTRA;0;;;;;;;;;0;0;pim_catalog_text;0;0;;;
MD_HUB_MAX_MOS;MD MAX_MOS;;;;;;;0;;Default max months of stock for the country-bucket combination.  Collab specific level overrides this value if set.;;MD_HUB_MASTER;0;;;;;0;;;;0;5;pim_catalog_number;0;0;;;
MD_HUB_MIN_MOS;MD MIN_MOS;;;;;;;0;;Default min months of stock for the country-bucket combination.  Collab specific level overrides this value if set.;;MD_HUB_MASTER;0;;;;;0;;;;0;6;pim_catalog_number;0;0;;;
MD_HUB_DESIRED_MOS;MD DESIRED_MOS;;;;;;;0;;Default default months of stock for the country-bucket combination.  Collab specific level overrides this value if set.;;MD_HUB_MASTER;0;;;;;0;;;;0;7;pim_catalog_number;0;0;;;
MD_HUB_MINIMUM_CUSTOMER_ORDER_QUANTITY;MD MINIMUM_CUSTOMER_ORDER_QUANTITY;;;;;;;;;Not used;;MD_HUB_MASTER_EXTRA;0;;;;;;;;;0;0;pim_catalog_text;0;0;;;
MD_HUB_SUPPLIER_SHIPMENT_SIZE;MD SUPPLIER_SHIPMENT_SIZE;;;;;;;;;Not used;;MD_HUB_MASTER_EXTRA;0;;;;;;;;;0;0;pim_catalog_text;0;0;;;
MD_HUB_MIN_TOLERANCE_REQUEST_PROMISE_QUANTITY;MD MIN_TOLERANCE_REQUEST_PROMISE_QUANTITY;;;;;;;;;Not used;;MD_HUB_MASTER_EXTRA;0;;;;;;;;;0;0;pim_catalog_text;0;0;;;
MD_HUB_MAX_TOLERANCE_REQUEST_PROMISE_QUANTITY;MD MAX_TOLERANCE_REQUEST_PROMISE_QUANTITY;;;;;;;;;Not used;;MD_HUB_MASTER_EXTRA;0;;;;;;;;;0;0;pim_catalog_text;0;0;;;
MD_HUB_MIN_TOLERANCE_REQUEST_SHIPPED_QUANTITY;MD MIN_TOLERANCE_REQUEST_SHIPPED_QUANTITY;;;;;;;;;Not used;;MD_HUB_MASTER_EXTRA;0;;;;;;;;;0;0;pim_catalog_text;0;0;;;
MD_HUB_MAX_TOLERANCE_REQUEST_SHIPPED_QUANTITY;MD MAX_TOLERANCE_REQUEST_SHIPPED_QUANTITY;;;;;;;;;Not used;;MD_HUB_MASTER_EXTRA;0;;;;;;;;;0;0;pim_catalog_text;0;0;;;
MD_HUB_MIN_TOLERANCE_REQUEST_RECEIVED_QUANTITY;MD MIN_TOLERANCE_REQUEST_RECEIVED_QUANTITY;;;;;;;;;Not used;;MD_HUB_MASTER_EXTRA;0;;;;;;;;;0;0;pim_catalog_text;0;0;;;
MD_HUB_MAX_TOLERANCE_REQUEST_RECEIVED_QUANTITY;MD MAX_TOLERANCE_REQUEST_RECEIVED_QUANTITY;;;;;;;;;Not used;;MD_HUB_MASTER_EXTRA;0;;;;;;;;;0;0;pim_catalog_text;0;0;;;
MD_HUB_MIN_TOLERANCE_REQUEST_INVOICED_QUANTITY;MD MIN_TOLERANCE_REQUEST_INVOICED_QUANTITY;;;;;;;;;Not used;;MD_HUB_MASTER_EXTRA;0;;;;;;;;;0;0;pim_catalog_text;0;0;;;
MD_HUB_MAX_TOLERANCE_REQUEST_INVOICED_QUANTITY;MD MAX_TOLERANCE_REQUEST_INVOICED_QUANTITY;;;;;;;;;Not used;;MD_HUB_MASTER_EXTRA;0;;;;;;;;;0;0;pim_catalog_text;0;0;;;
MD_HUB_MIN_TOLERANCE_RECEIVED_INVOICED_QUANTITY;MD MIN_TOLERANCE_RECEIVED_INVOICED_QUANTITY;;;;;;;;;Not used;;MD_HUB_MASTER_EXTRA;0;;;;;;;;;0;0;pim_catalog_text;0;0;;;
MD_HUB_MAX_TOLERANCE_RECEIVED_INVOICED_QUANTITY;MD MAX_TOLERANCE_RECEIVED_INVOICED_QUANTITY;;;;;;;;;Not used;;MD_HUB_MASTER_EXTRA;0;;;;;;;;;0;0;pim_catalog_text;0;0;;;
MD_HUB_MIN_TOLERANCE_INVOICE_PRICE_MISMATCH;MD MIN_TOLERANCE_INVOICE_PRICE_MISMATCH;;;;;;;;;Not used;;MD_HUB_MASTER_EXTRA;0;;;;;;;;;0;0;pim_catalog_text;0;0;;;
MD_HUB_MAX_TOLERANCE_INVOICE_PRICE_MISMATCH;MD MAX_TOLERANCE_INVOICE_PRICE_MISMATCH;;;;;;;;;Not used;;MD_HUB_MASTER_EXTRA;0;;;;;;;;;0;0;pim_catalog_text;0;0;;;
MD_HUB_LATE_SHIPMENTS_TOLERANCE;MD LATE_SHIPMENTS_TOLERANCE;;;;;;;;;Not used;;MD_HUB_MASTER_EXTRA;0;;;;;;;;;0;0;pim_catalog_text;0;0;;;
MD_HUB_LATE_DELIVERIES_TOLERANCE;MD LATE_DELIVERIES_TOLERANCE;;;;;;;;;Not used;;MD_HUB_MASTER_EXTRA;0;;;;;;;;;0;0;pim_catalog_text;0;0;;;
MD_HUB_GEO_REGION;MD GEO_REGION;;;;;;;;;Based on the ISO region classification value;;MD_HUB_MASTER;0;;;;;;;;;0;8;pim_catalog_text;0;1;;;
MD_HUB_GEO_SUB_REGION;MD GEO_SUB_REGION;;;;;;;;;Based on the ISO region classification value;;MD_HUB_MASTER;0;;;;;;;;;0;9;pim_catalog_text;0;1;;;
MD_HUB_GEO_INT_REGION;MD GEO_INT_REGION;;;;;;;;;Based on the ISO region classification value;;MD_HUB_MASTER;0;;;;;;;;;0;10;pim_catalog_text;0;1;;;
MD_HUB_FLEX_STRING_CUSTOMER_04;MD FLEX_STRING_CUSTOMER_04;;;;;;;;;Not used;;MD_HUB_MASTER_EXTRA;0;;;;;;;;;0;0;pim_catalog_text;0;0;;;
MD_HUB_FLEX_STRING_CUSTOMER_05;MD FLEX_STRING_CUSTOMER_05;;;;;;;;;Not used;;MD_HUB_MASTER_EXTRA;0;;;;;;;;;0;0;pim_catalog_text;0;0;;;
MD_HUB_FLEX_STRING_SUPPLIER_01;MD FLEX_STRING_SUPPLIER_01;;;;;;;;;Not used;;MD_HUB_MASTER_EXTRA;0;;;;;;;;;0;0;pim_catalog_text;0;0;;;
MD_HUB_FLEX_STRING_SUPPLIER_02;MD FLEX_STRING_SUPPLIER_02;;;;;;;;;Not used;;MD_HUB_MASTER_EXTRA;0;;;;;;;;;0;0;pim_catalog_text;0;0;;;
MD_HUB_FLEX_STRING_SUPPLIER_03;MD FLEX_STRING_SUPPLIER_03;;;;;;;;;Not used;;MD_HUB_MASTER_EXTRA;0;;;;;;;;;0;0;pim_catalog_text;0;0;;;
MD_HUB_FLEX_STRING_SUPPLIER_04;MD FLEX_STRING_SUPPLIER_04;;;;;;;;;Not used;;MD_HUB_MASTER_EXTRA;0;;;;;;;;;0;0;pim_catalog_text;0;0;;;
MD_HUB_FLEX_STRING_SUPPLIER_05;MD FLEX_STRING_SUPPLIER_05;;;;;;;;;Not used;;MD_HUB_MASTER_EXTRA;0;;;;;;;;;0;0;pim_catalog_text;0;0;;;
MD_HUB_FLEX_STRING_CUSTOMER_SITE_01;MD FLEX_STRING_CUSTOMER_SITE_01;;;;;;;;;Not used;;MD_HUB_MASTER_EXTRA;0;;;;;;;;;0;0;pim_catalog_text;0;0;;;
MD_HUB_FLEX_STRING_CUSTOMER_SITE_02;MD FLEX_STRING_CUSTOMER_SITE_02;;;;;;;;;Not used;;MD_HUB_MASTER_EXTRA;0;;;;;;;;;0;0;pim_catalog_text;0;0;;;
MD_HUB_FLEX_STRING_CUSTOMER_SITE_03;MD FLEX_STRING_CUSTOMER_SITE_03;;;;;;;;;Not used;;MD_HUB_MASTER_EXTRA;0;;;;;;;;;0;0;pim_catalog_text;0;0;;;
MD_HUB_FLEX_STRING_CUSTOMER_SITE_04;MD FLEX_STRING_CUSTOMER_SITE_04;;;;;;;;;Not used;;MD_HUB_MASTER_EXTRA;0;;;;;;;;;0;0;pim_catalog_text;0;0;;;
MD_HUB_FLEX_STRING_CUSTOMER_SITE_05;MD FLEX_STRING_CUSTOMER_SITE_05;;;;;;;;;Not used;;MD_HUB_MASTER_EXTRA;0;;;;;;;;;0;0;pim_catalog_text;0;0;;;
MD_HUB_FLEX_INTEGER_CUSTOMER_SITE_01;MD FLEX_INTEGER_CUSTOMER_SITE_01;;;;;;;0;;Not used;;MD_HUB_MASTER_EXTRA;0;;;;;0;;;;0;0;pim_catalog_number;0;0;;;
MD_HUB_FLEX_INTEGER_CUSTOMER_SITE_02;MD FLEX_INTEGER_CUSTOMER_SITE_02;;;;;;;0;;Not used;;MD_HUB_MASTER_EXTRA;0;;;;;0;;;;0;0;pim_catalog_number;0;0;;;
MD_HUB_FLEX_INTEGER_CUSTOMER_SITE_03;MD FLEX_INTEGER_CUSTOMER_SITE_03;;;;;;;0;;Not used;;MD_HUB_MASTER_EXTRA;0;;;;;0;;;;0;0;pim_catalog_number;0;0;;;
MD_HUB_FLEX_FLOAT_CUSTOMER_SITE_01;MD FLEX_FLOAT_CUSTOMER_SITE_01;;;;;;;0;;Not used;;MD_HUB_MASTER_EXTRA;0;;;;;0;;;;0;0;pim_catalog_number;0;0;;;
MD_HUB_FLEX_FLOAT_CUSTOMER_SITE_02;MD FLEX_FLOAT_CUSTOMER_SITE_02;;;;;;;0;;Not used;;MD_HUB_MASTER_EXTRA;0;;;;;0;;;;0;0;pim_catalog_number;0;0;;;
MD_HUB_FLEX_FLOAT_CUSTOMER_SITE_03;MD FLEX_FLOAT_CUSTOMER_SITE_03;;;;;;;0;;Not used;;MD_HUB_MASTER_EXTRA;0;;;;;0;;;;0;0;pim_catalog_number;0;0;;;
GTIN;GTIN;;;;;;;;;A particular Global trade item Number, a numerical value used to uniquely identify a trade item. A trade item is any trade item (trade item or service) upon which there is;;GS1_GENERAL_ITEM_INFORMATION;0;;;;;;;;;0;0;pim_catalog_text;0;1;;;
MD_SUPPLIER_MASTER_DUNS;MD SUPPLIER MASTER DUNS;;;;;;;;;DUNS code for the supplier;;MD_SUPPLIER_MASTER;0;;;;;;;;;0;0;pim_catalog_text;0;0;;;
MD_SUPPLIER_MASTER_SUPPLIERGS1ID;MD SUPPLIER MASTER SUPPLIERGS1ID;;;;;;;;;Primary GLN code for the supplier.  If multiple sites then this should be the GLN for the site being referenced.;;MD_SUPPLIER_MASTER;0;;;;;;;;;0;0;pim_catalog_text;0;1;;;
MD_SUPPLIER_MASTER_SUPPLIER_TAX_NUMBER;MD SUPPLIER MASTER SUPPLIER TAX NUMBER;;;;;;;;;Not used;;MD_SUPPLIER_MASTER;0;;;;;;;;;0;0;pim_catalog_text;0;0;;;
MD_SUPPLIER_MASTER_SUPPLIER_ADDRESS_EXTERNAL_ID;MD SUPPLIER MASTER SUPPLIER ADDRESS EXTERNAL ID;;;;;;;;;Supplier Name plus reference to the supplier site if required;;MD_SUPPLIER_MASTER;0;;;;;;;;;0;0;pim_catalog_text;0;0;;;
MD_SUPPLIER_MASTER_SUPPLIER_ADDRESS_DESCRIPTOR;MD SUPPLIER MASTER SUPPLIER ADDRESS DESCRIPTOR;;;;;;;;;Supplier Name plus reference to the supplier site if required.  Used as the label in the GFPVAN system when vieweing the address.;;MD_SUPPLIER_MASTER;0;;;;;;;;;0;0;pim_catalog_text;0;0;;;
MD_SUPPLIER_MASTER_SUPPLIER_ADDRESS_1;MD SUPPLIER MASTER SUPPLIER ADDRESS 1;;;;;;;;;Address line 1;;MD_SUPPLIER_MASTER;0;;;;;;;;;0;0;pim_catalog_text;0;0;;;
MD_SUPPLIER_MASTER_SUPPLIER_ADDRESS_2;MD SUPPLIER MASTER SUPPLIER ADDRESS 2;;;;;;;;;Address line 2;;MD_SUPPLIER_MASTER;0;;;;;;;;;0;0;pim_catalog_text;0;0;;;
MD_SUPPLIER_MASTER_SUPPLIER_ADDRESS_3;MD SUPPLIER MASTER SUPPLIER ADDRESS 3;;;;;;;;;Address line 3;;MD_SUPPLIER_MASTER;0;;;;;;;;;0;0;pim_catalog_text;0;0;;;
MD_SUPPLIER_MASTER_SUPPLIER_ADDRESS_4;MD SUPPLIER MASTER SUPPLIER ADDRESS 4;;;;;;;;;Address line 4;;MD_SUPPLIER_MASTER;0;;;;;;;;;0;0;pim_catalog_text;0;0;;;
MD_SUPPLIER_MASTER_SUPPLIER_ADDRESS_5;MD SUPPLIER MASTER SUPPLIER ADDRESS 5;;;;;;;;;Addres line 5;;MD_SUPPLIER_MASTER;0;;;;;;;;;0;0;pim_catalog_text;0;0;;;
MD_SUPPLIER_MASTER_SUPPLIER_CITY;MD SUPPLIER MASTER SUPPLIER CITY;;;;;;;;;Address city;;MD_SUPPLIER_MASTER;0;;;;;;;;;0;0;pim_catalog_text;0;0;;;
MD_SUPPLIER_MASTER_SUPPLIER_COUNTY;MD SUPPLIER MASTER SUPPLIER COUNTY;;;;;;;;;Address county;;MD_SUPPLIER_MASTER;0;;;;;;;;;0;0;pim_catalog_text;0;0;;;
MD_SUPPLIER_MASTER_SUPPLIER_STATE;MD SUPPLIER MASTER SUPPLIER STATE;;;;;;;;;Address state;;MD_SUPPLIER_MASTER;0;;;;;;;;;0;0;pim_catalog_text;0;0;;;
MD_SUPPLIER_MASTER_ADDRESS_COUNTRY;MD SUPPLIER MASTER ADDRESS COUNTRY;;;;;;;;;Address country;;MD_SUPPLIER_MASTER;0;;;;;;;;;0;0;pim_catalog_text;0;0;;;
MD_SUPPLIER_MASTER_SUPPLIER_ZIP;MD SUPPLIER MASTER SUPPLIER ZIP;;;;;;;;;Address zip;;MD_SUPPLIER_MASTER;0;;;;;;;;;0;0;pim_catalog_text;0;0;;;
MD_SUPPLIER_MASTER_REMIT_TO_ADDRESS_EXTERNAL_ID;MD SUPPLIER MASTER REMIT TO ADDRESS EXTERNAL ID;;;;;;;;;Supplier Name plus reference to the supplier site if required.  Considered the HQ location.;;MD_SUPPLIER_MASTER;0;;;;;;;;;0;0;pim_catalog_text;0;0;;;
MD_SUPPLIER_MASTER_REMIT_TO_ADDRESS_DESCRIPTOR;MD SUPPLIER MASTER REMIT TO ADDRESS DESCRIPTOR;;;;;;;;;Supplier Name plus reference to the supplier site if required.  Considered the HQ location.  Used as the label in the GFPVAN system when viewing the address.;;MD_SUPPLIER_MASTER;0;;;;;;;;;0;0;pim_catalog_text;0;0;;;
MD_SUPPLIER_MASTER_REMIT_TO_ADDRESS_1;MD SUPPLIER MASTER REMIT TO ADDRESS 1;;;;;;;;;Address line 1;;MD_SUPPLIER_MASTER;0;;;;;;;;;0;0;pim_catalog_text;0;0;;;
MD_SUPPLIER_MASTER_REMIT_TO_ADDRESS_2;MD SUPPLIER MASTER REMIT TO ADDRESS 2;;;;;;;;;Address line 2;;MD_SUPPLIER_MASTER;0;;;;;;;;;0;0;pim_catalog_text;0;0;;;
MD_SUPPLIER_MASTER_REMIT_TO_ADDRESS_3;MD SUPPLIER MASTER REMIT TO ADDRESS 3;;;;;;;;;Address line 3;;MD_SUPPLIER_MASTER;0;;;;;;;;;0;0;pim_catalog_text;0;0;;;
MD_SUPPLIER_MASTER_REMIT_TO_ADDRESS_4;MD SUPPLIER MASTER REMIT TO ADDRESS 4;;;;;;;;;Address line 4;;MD_SUPPLIER_MASTER;0;;;;;;;;;0;0;pim_catalog_text;0;0;;;
MD_SUPPLIER_MASTER_REMIT_TO_ADDRESS_5;MD SUPPLIER MASTER REMIT TO ADDRESS 5;;;;;;;;;Addres line 5;;MD_SUPPLIER_MASTER;0;;;;;;;;;0;0;pim_catalog_text;0;0;;;
MD_SUPPLIER_MASTER_REMIT_TO_CITY;MD SUPPLIER MASTER REMIT TO CITY;;;;;;;;;Address city;;MD_SUPPLIER_MASTER;0;;;;;;;;;0;0;pim_catalog_text;0;0;;;
MD_SUPPLIER_MASTER_REMIT_TO_COUNTY;MD SUPPLIER MASTER REMIT TO COUNTY;;;;;;;;;Address county;;MD_SUPPLIER_MASTER;0;;;;;;;;;0;0;pim_catalog_text;0;0;;;
MD_SUPPLIER_MASTER_REMIT_TO_STATE;MD SUPPLIER MASTER REMIT TO STATE;;;;;;;;;Address state;;MD_SUPPLIER_MASTER;0;;;;;;;;;0;0;pim_catalog_text;0;0;;;
MD_SUPPLIER_MASTER_REMIT_TO_COUNTRY;MD SUPPLIER MASTER REMIT TO COUNTRY;;;;;;;;;Address country;;MD_SUPPLIER_MASTER;0;;;;;;;;;0;0;pim_catalog_text;0;0;;;
MD_SUPPLIER_MASTER_REMIT_TO_ZIP;MD SUPPLIER MASTER REMIT TO ZIP;;;;;;;;;Address zip;;MD_SUPPLIER_MASTER;0;;;;;;;;;0;0;pim_catalog_text;0;0;;;
MD_SUPPLIER_MASTER_GLN;MD SUPPLIER MASTER GLN;;;;;;;;;Primary GLN code for the supplier.  If multiple sites then this should be the GLN for the site being referenced.;;MD_SUPPLIER_MASTER;0;;;;;;;;;0;0;pim_catalog_text;0;1;;;
MD_SUPPLIER_MASTER_ALIASES;MD SUPPLIER MASTER ALIASES;;;;;;;;;Text field to enumerate any aliases for the supplier.  For reference only, not used in lookups.;;MD_SUPPLIER_MASTER;0;;;;;;;;;0;0;pim_catalog_text;0;1;;;
MD_SUPPLIER_MASTER_FLEX_STRING_SUPPLIER_03;MD SUPPLIER MASTER FLEX STRING SUPPLIER 03;;;;;;;;;Not used;;MD_SUPPLIER_MASTER;0;;;;;;;;;0;0;pim_catalog_text;0;0;;;
MD_SUPPLIER_MASTER_FLEX_STRING_SUPPLIER_04;MD SUPPLIER MASTER FLEX STRING SUPPLIER 04;;;;;;;;;Not used;;MD_SUPPLIER_MASTER;0;;;;;;;;;0;0;pim_catalog_text;0;0;;;
MD_SUPPLIER_MASTER_FLEX_STRING_SUPPLIER_05;MD SUPPLIER MASTER FLEX STRING SUPPLIER 05;;;;;;;;;Not used;;MD_SUPPLIER_MASTER;0;;;;;;;;;0;0;pim_catalog_text;0;0;;;
MD_SUPPLIER_MASTER_SUPPLIER_PROMISE_NEEDED;MD SUPPLIER MASTER SUPPLIER PROMISE NEEDED;;;;;;;;;Not used;;MD_SUPPLIER_MASTER;0;;;;;;;;;0;0;pim_catalog_simpleselect;0;0;;;
MD_SUPPLIER_MASTER_SUPPLIER_HOLD_FLAG;MD SUPPLIER MASTER SUPPLIER HOLD FLAG;;;;;;;;;Not used;;MD_SUPPLIER_MASTER;0;;;;;;;;;0;0;pim_catalog_simpleselect;0;0;;;
MD_SUPPLIER_MASTER_SUPPLIER_STATUS;MD SUPPLIER MASTER SUPPLIER STATUS;;;;;;;;;Not used;;MD_SUPPLIER_MASTER;0;;;;;;;;;0;0;pim_catalog_simpleselect;0;0;;;
MD_SUPPLIER_MASTER_BPO_REMAINING_QTY_TOL;MD SUPPLIER MASTER BPO REMAINING QTY TOL;;;;;;;1;;Not used;;MD_SUPPLIER_MASTER;0;;;;;0;;;;0;0;pim_catalog_number;0;0;;;
MD_SUPPLIER_MASTER_SUPPLIER_SITE;MD SUPPLIER SITE;;;;;;;;;"Key Field - used for deriving lookups.  Should include the Name of the Supplier + ""-"" + the country/site location.";;MD_SUPPLIER_MASTER;0;;;;;;;;;0;0;pim_catalog_text;0;1;;;
MD_COUNTRYBUCKETSETTINGS_ALERTENABLED;MD ALERT ENABLED;;;;;;;0;;Collab Flag condition.  0 = Default - this is an unmanged collab.  No alerts will be triggered for this combination of product - country - supply plan bucket.  1 = Enabeled.  Alerts will be triggered for this combination of product - country - supply plan bucket.;;MD_COUNTRYBUCKETSETTINGS;0;;;;;0;;;;0;0;pim_catalog_number;0;1;;;
MD_COUNTRYBUCKETSETTINGS_MINMOS;MD MIN MOS;;;;;;;1;;Target Minimum for months of stock.  This number will drive alert thresholds.;;MD_COUNTRYBUCKETSETTINGS;0;;;;;0;;;;0;0;pim_catalog_number;0;1;;;
MD_COUNTRYBUCKETSETTINGS_MAXMOS;MD MAX MOS;;;;;;;1;;Target Maximum for months of stock.  This number will drive alert thresholds.;;MD_COUNTRYBUCKETSETTINGS;0;;;;;0;;;;0;0;pim_catalog_number;0;1;;;
MD_COUNTRYBUCKETSETTINGS_DESIREDMOS;MD DESIRED MOS;;;;;;;1;;Target Desired for months of stock.  This number will drive the replinshment calculations.;;MD_COUNTRYBUCKETSETTINGS;0;;;;;0;;;;0;0;pim_catalog_number;0;1;;;
MD_COUNTRYBUCKETSETTINGS_FORECASTAMC;MD FORECAST AMC;;;;;;;0;;Not used;;MD_COUNTRYBUCKETSETTINGS;0;;;;;0;;;;0;0;pim_catalog_number;0;0;;;
MD_COUNTRYBUCKETSETTINGS_RECIPIENTITEMID;MD RECIPIENT ITEM ID;;;;;;;;;Used for lookups.  Stores the recipients item id used for handling B2B connections.;;MD_COUNTRYBUCKETSETTINGS;0;;;;;;;;;0;0;pim_catalog_text;0;1;;;
MD_COUNTRYBUCKETSETTINGS_RECIPIENTSUPPLYPLANID;MD RECIPIENT SUPPLYPLAN ID;;;;;;;;;Used for lookups.  Stores the recipients item id used for Supply Plan lookups;;MD_COUNTRYBUCKETSETTINGS;0;;;;;;;;;0;0;pim_catalog_text;0;1;;;
MD_COUNTRYBUCKETSETTINGS_RECIPIENTSUPPLYPLANDESC;MD RECIPIENT SUPPLYPLAN DESC;;;;;;;;;Information only.  Stores the recipients text description of the item used for their supply plan.;;MD_COUNTRYBUCKETSETTINGS;0;;;;;;;;;0;0;pim_catalog_text;0;1;;;
MD_COUNTRYBUCKETSETTINGS_RECIPIENTINVENTORYID;MD RECIPIENT INVENTORY ID;;;;;;;;;Used for lookups. Stores the recipients inventory ID used for handling B2B connections on inventory reporting.;;MD_COUNTRYBUCKETSETTINGS;0;;;;;;;;;0;0;pim_catalog_text;0;1;;;
MD_COUNTRYBUCKETSETTINGS_RECIPIENTPPMRID;MD RECIPIENT PPMR ID;;;;;;;;;Used for lookups. Stores the recipients inventory ID used for handling B2B connections on inventory reporting on SmartLoader/PPMR.;;MD_COUNTRYBUCKETSETTINGS;0;;;;;;;;;0;0;pim_catalog_text;0;1;;;
MD_COUNTRYBUCKETSETTINGS_L5;MD L5;;;;;;;;;Information only.  Stores the L5 product description.;;MD_COUNTRYBUCKETSETTINGS;0;;;;;;;;;0;0;pim_catalog_text;0;1;;;
MD_COUNTRYBUCKETSETTINGS_L3;MD L3;;;;;;;;;Information only.  Stores the L3 method description.;;MD_COUNTRYBUCKETSETTINGS;0;;;;;;;;;0;0;pim_catalog_text;0;1;;;
BASE_UOM;BASE_UOM;;;;;;;;;Text description of the base/atomic unit;;ITEM_UOM;0;;;;;;;;;0;5;pim_catalog_text;0;1;;;
SOURCE_UOM;SOURCE_UOM;;;;;;;;;Text description of the orderable UOM;;ITEM_UOM;0;;;;;;;;;0;6;pim_catalog_text;0;1;;;
UOM_QTY_FACTOR;UOM_QTY_FACTOR;;;;;;;1;;Used to adjust quantities when differences between order count and inventory/plan count;;ITEM_UOM;0;;;;;1;;;;0;1;pim_catalog_number;0;1;;;
UOM_VALUE_FACTOR;UOM_VALUE_FACTOR;;;;;;;1;;To Retire;;ITEM_UOM;0;;;;;1;;;;0;2;pim_catalog_number;0;0;;;
MD_COUNTRYBUCKETSETTINGS_PARENTID;MD PARENT ID;;;;;;;;;Used for lookups.  Stores the internal GFPVAN ID code for the product.;;MD_COUNTRYBUCKETSETTINGS;0;;;;;;;;;0;0;pim_catalog_text;0;1;;;
MD_HUB_BUCKETID;MD BUCKETID;;;;;;;;;Internal code assigned to join supply planning group/bucket.  Generally not seen by the end users.  BUCKET-A should be typically used for MOH, BUCKET-OTHER used for unknown;;MD_HUB_MASTER;0;;;;;;;;;0;3;pim_catalog_text;0;1;;;
MD_SUPPLIER_MAPPING_SOURCEORG;MD SOURCEORG Supplier;;;;;;;;;The name of the providing organization that this mapping apply's to.  Tread as a Name Space function to allow individual organizations to map identical id codes differently.;;MD_SUPPLIER_MAPPING;0;;;;;;;;;0;0;pim_catalog_text;0;1;;;
PARENTID;PARENTID;;;;;;;;;ID code of the Parent PRODUCT;;PRODUCT_CODING;0;;;;;;;;;0;2;pim_catalog_text;0;1;;;
SOURCEITEMID;SOURCE SUPPLIER ITEM ID;;;;;;;;;Internal ID code used by the source supplier to identify this individual item;;PRODUCT_CODING;0;;;;;;;;;0;5;pim_catalog_text;0;1;;;
GS1_CONTROLLEDSUBSTANCEAMOUNT;GS1 Controlled Substance Amount;;;;;;;1;MILLIGRAM;The numeric amount of a specific substance the item contains that is regulated under law as narcotics, stimulants, depressants, hallucinogens, anabolic steroids, and chemicals used in the illicit production of controlled substances.;;GS1_PHARMACEUTICAL_INFORMATION;0;;;GDSN_Unit_Of_Measure;;0;;;;0;0;pim_catalog_metric;0;0;;;
GS1_HANDLINGINSTRUCTIONCODEREFERENCE;GS1 Handling Instructions Code Reference;;;;;;;;;Defines the information and processes needed to safely handle the trade item.;;GS1_STORAGE_HANDLING_SHELF_LIFE;0;;;;;;;;;0;0;pim_catalog_simpleselect;0;0;;;
GS1_DEPTH;GS1 Depth;;;;;;;1;MILLIMETRE;Measurement of the distance between the front and the back.;;GS1_DIMENSIONS;0;;;GDSN_Unit_Of_Measure;;0;;;;0;4;pim_catalog_metric;0;1;;;
GS1_GROSSWEIGHT;GS1 Gross Weight;;;;;;;1;KILOGRAM;Used to identify the gross weight of the trade item. The gross weight includes all packaging materials of the trade item. At pallet level the trade item, grossWeight includes the weight of the pallet itself.;;GS1_DIMENSIONS;0;;;GDSN_Unit_Of_Measure;;0;;;;0;0;pim_catalog_metric;0;1;;;
GS1_HEIGHT;GS1 Height;;;;;;;1;MILLIMETRE;The vertical dimension from the lowest extremity to the highest extremity.;;GS1_DIMENSIONS;0;;;GDSN_Unit_Of_Measure;;0;;;;0;2;pim_catalog_metric;0;1;;;
GS1_NETWEIGHT;GS1 Net Weight;;;;;;;1;KILOGRAM;Used to identify the net weight of the trade item. Net weight excludes any packaging materials and applies to all levels but consumer unit level.;;GS1_DIMENSIONS;0;;;GDSN_Unit_Of_Measure;;0;;;;0;1;pim_catalog_metric;0;0;;;
GS1_INBOXCUBEDIMENSION;GS1 Volume;;;;;;;1;CUBIC_INCH;The dimensions of an imaginary cube which can be drawn around the trade item as defined in the formula of H X W X D. This only applies to In-box dimensions. Level of Hierarchy applied to- All.;;GS1_DIMENSIONS;0;;;GDSN_Unit_Of_Measure;;1;;;;0;5;pim_catalog_metric;0;1;;;
GS1_WIDTH;GS1 Width;;;;;;;1;MILLIMETRE;The measurement of the extent of something from side to side. Width is the measurement from left to right.;;GS1_DIMENSIONS;0;;;GDSN_Unit_Of_Measure;;0;;;;0;3;pim_catalog_metric;0;1;;;
GS1_MAXIMUMTEMPERATURE;GS1 Maximum Storage Temperature;;;;;;;1;DEGREE_CELSIUS;The maximum temperature that a Trade Item can be held without affecting product safety or quality (as defined by the manufacturer).;;GS1_STORAGE_HANDLING_SHELF_LIFE;0;;;GDSN_Unit_Of_Measure;;1;;;;0;0;pim_catalog_metric;0;0;;;
GS1_MINIMUMTEMPERATURE;GS1 Minimum Storage Temperature;;;;;;;1;DEGREE_CELSIUS;The minimum temperature that a Trade Item can be held without affecting product safety or quality (as defined by the manufacturer).;;GS1_STORAGE_HANDLING_SHELF_LIFE;0;;;GDSN_Unit_Of_Measure;;1;;;;0;0;pim_catalog_metric;0;0;;;
GFPVAN_ID;ID DESC;;;;;;;;;Internal GFPVAN ID;;PRODUCT_CODING;0;;;;;;;;;0;3;pim_catalog_simpleselect;0;0;;;
LMIS_PACK_ROUNDING_THRESHOLD;Pack Rounding Threshold;FR Pack Rounding Threshold;;;;;;0;;The base uom quantity at which the next pack should be ordered.;;_LMIS;0;;;;;0;;;;0;0;pim_catalog_number;0;0;;;
LMIS_CODE;LMIS Code;FR LMIS Code;;;;;;;;LMIS form code;FR LMIS form code;PRODUCT_CODING;0;;;;;;;;;0;0;pim_catalog_text;1;0;;;
LMIS_UUID;OpenLMIS UUID;FR OpenLMIS UUID;;;;;;;;OpenLMIS specific UUID for an Orderable - do not change;;PRODUCT_CODING;0;;;;;;;;;0;0;pim_catalog_text;1;0;;;
PACK_SIZE;Pack Size;FR Pack Size;;1;;;;;;Typical quantity of the UoM in an Each;;erp;0;;;;;;;;;0;0;pim_catalog_simpleselect;0;1;;;
WHO_COVID19_ITEM_CODE;WHO COVID-19 Item Code;FR WHO COVID-19 Item Code;;;;;;;;WHO's item code from the COVID-19 emergency global supplies catalog;FR WHO's item code from the COVID-19 emergency global supplies catalog;PRODUCT_CODING;0;;;;;;;;;0;0;pim_catalog_text;0;1;;;
UN_SUPPLY_MATERIAL_CODE;UN Supply Material Code;FR UN Supply Material Code;;;;;;;;UN Supply's material code;FR UN Supply's material code;PRODUCT_CODING;0;;;;;;;;;0;0;pim_catalog_text;0;1;;;
LMIS_ROUND_TO_ZERO;Round to zero;FR Round to zero;;;;;;;;When true, if the calculated order quantity results in a number of packs between 0 and 1, it will round down to 0 and order nothing.  When false it will round up to 1.;FR When true, if the calculated order quantity results in a number of packs between 0 and 1, it will round down to 0 and order nothing.  When false it will round up to 1.;_LMIS;0;;;;;;;;;0;0;pim_catalog_boolean;0;0;;;
GS1_UNIFORMRESOURCEIDENTIFIER_CERTIFICATION;GS1 Certification URI;;;;;;;;;The URL link for the external file.;;GS1_LINKS_TO_ADDITIONAL_INFORMATION;0;;;;;;;;;0;0;pim_catalog_textarea;0;0;;;
GS1_UNIFORMRESOURCEIDENTIFIER_PRODUCT_IMAGE;GS1 Product Image URI;;;;;;;;;The URL link for the external file.;;GS1_LINKS_TO_ADDITIONAL_INFORMATION;0;;;;;;;;;0;0;pim_catalog_textarea;0;0;;;
GS1_UNIFORMRESOURCEIDENTIFIER_PRODUCT_LABEL_IMA;GS1 Product Label Image URI;;;;;;;;;The URL link for the external file.;;GS1_LINKS_TO_ADDITIONAL_INFORMATION;0;;;;;;;;;0;0;pim_catalog_textarea;0;0;;;
GS1_UNIFORMRESOURCEIDENTIFIER_PRODUCT_WEBSITE;GS1 Product Website URI;;;;;;;;;The URL link for the external file.;;GS1_LINKS_TO_ADDITIONAL_INFORMATION;0;;;;;;;;;0;0;pim_catalog_textarea;0;0;;;
GS1_UNIFORMRESOURCEIDENTIFIER_QUALITY_CONTROL;GS1 Quality Control Plan URI;;;;;;;;;The URL link for the external file.;;GS1_LINKS_TO_ADDITIONAL_INFORMATION;0;;;;;;;;;0;0;pim_catalog_textarea;0;0;;;
GS1_UNIFORMRESOURCEIDENTIFIER_SAFETY_DATA_SHEET;GS1 Safety Data Sheet URI;;;;;;;;;The URL link for the external file.;;GS1_LINKS_TO_ADDITIONAL_INFORMATION;0;;;;;;;;;0;0;pim_catalog_textarea;0;0;;;
GS1_UNIFORMRESOURCEIDENTIFIER_VIDEO;GS1 Video URI;;;;;;;;;The URL link for the external file.;;GS1_LINKS_TO_ADDITIONAL_INFORMATION;0;;;;;;;;;0;0;pim_catalog_textarea;0;0;;;
GS1_NONGTINLOGISTICSUNITINFORMATION_DEPTH;GS1 Non GTIN Pallet (Logistics Unit) Depth;;;;;;;1;MILLIMETRE;The depth of the unit load, as measured according to the GS1 Package Measurement Rules, including the shipping platform;;GS1_PALLET_LOGISTIC_UNITS;0;;;GDSN_Unit_Of_Measure;;0;;;;0;0;pim_catalog_metric;0;0;;;
GS1_NONGTINLOGISTICSUNITINFORMATION_GROSSWEIGHT;GS1 Non GTIN Pallet (Logistics Unit) Gross Weight;;;;;;;1;KILOGRAM;The weight of both the unit load (content) and the platform upon which the goods are carried if there is one.;;GS1_PALLET_LOGISTIC_UNITS;0;;;GDSN_Unit_Of_Measure;;0;;;;0;0;pim_catalog_metric;0;0;;;
GS1_NONGTINLOGISTICSUNITINFORMATION_HEIGHT;GS1 Non GTIN Pallet (Logistics Unit) Height;;;;;;;1;MILLIMETRE;The vertical dimension from the lowest extremity to the highest extremity.;;GS1_PALLET_LOGISTIC_UNITS;0;;;GDSN_Unit_Of_Measure;;0;;;;0;0;pim_catalog_metric;0;0;;;
GS1_NONGTINLOGISTICSUNITINFORMATION_WIDTH;GS1 Non GTIN Pallet (Logistics Unit) Width;;;;;;;1;MILLIMETRE;The measurement of the extent of something from side to side. Width is the measurement from left to right.;;GS1_PALLET_LOGISTIC_UNITS;0;;;GDSN_Unit_Of_Measure;;0;;;;0;0;pim_catalog_metric;0;0;;;
GS1_MAXIMUMTEMPERATUREACCEPTABLETIMESPAN;GS1 Maximum Temperature Acceptable Timespan;;;;;;;1;HOUR;The amount of time that a product can safely rise above the maximum temperature threshold during storage as defined by the manufacturer without affecting product safety or quality.;;GS1_STORAGE_HANDLING_SHELF_LIFE;0;;;GDSN_Unit_Of_Measure;;1;;;;0;0;pim_catalog_metric;0;0;;;
GS1_MAXIMUMTOLERANCETEMPERATURE;GS1 Maximum Tolerance Temperature;;;;;;;1;DEGREE_CELSIUS;The maximum temperature at which the item is still usable. The tolerated temperature indicates that the temperature of the trade item should never rise above the maximum temperature.;;GS1_STORAGE_HANDLING_SHELF_LIFE;0;;;GDSN_Unit_Of_Measure;;1;;;;0;0;pim_catalog_metric;0;0;;;
GS1_MINIMUMTOLERANCETEMPERATURE;GS1 Minimum Tolerance Temperature;;;;;;;1;DEGREE_CELSIUS;The minimum temperature at which the item is still usable. The tolerated temperature indicates that the temperature of the trade item should never fall below the minimum temperature.;;GS1_STORAGE_HANDLING_SHELF_LIFE;0;;;GDSN_Unit_Of_Measure;;1;;;;0;0;pim_catalog_metric;0;0;;;
GS1_ADDITIONALTRADEITEMCLASSIFCATIONCODEVALUE_ATC_CODE;GS1 ATC Code;;;;;;;;;The code used to classify the trade item within the selected alternate classification scheme.;;GS1_CLASSIFICATIONS;0;;;;;;;;;0;0;pim_catalog_text;0;0;;;
GS1_ADDITIONALTRADEITEMCLASSIFCATIONCODEVALUE_INN_CODE;GS1 INN Code;;;;;;;;;The code used to classify the trade item within the selected alternate classification scheme.;;GS1_CLASSIFICATIONS;0;;;;;;;;;0;0;pim_catalog_text;0;0;;;
GS1_ADDITIONALTRADEITEMCLASSIFCATIONCODEVALUE_UNSPSC;GS1 UNSPSC Code;;;;;;;;;The code used to classify the trade item within the selected alternate classification scheme.;;GS1_CLASSIFICATIONS;0;;;;;;;;;0;0;pim_catalog_text;0;0;;;
GS1_DIAMETER;GS1 Diameter;;;;;;;1;MILLIMETRE;"The measurement of the diameter of the trade item at its largest point. For example, 165 ""mmt"", value - mmt, diameter. Has to be associated with valid UoM.";;GS1_DIMENSIONS;0;;;GDSN_Unit_Of_Measure;;0;;;;0;6;pim_catalog_metric;0;1;;;
GS1_INGREDIENTSTRENGTH;GS1 Ingredient Strength;;;;;;;1;MILLIGRAM;Used to define the strength of each ingredient in a trade item or unit volume of non-food and beverage the trade items.;;GS1_INGREDIENT_INFORMATION;0;;;GDSN_Unit_Of_Measure;;0;;;;0;0;pim_catalog_metric;0;1;;;
GS1_INGREDIENTSTRENGTHBASIS;GS1 Ingredient Strength Basis;;;;;;;1;MILLIGRAM;The basis amount for an ingredient strength for example 1000 millilitres in the case of 400 milligrams per 1000 millilitres.;;GS1_INGREDIENT_INFORMATION;0;;;GDSN_Unit_Of_Measure;;0;;;;0;0;pim_catalog_metric;0;1;;;
GS1_ADDITIONALTRADEITEMIDENTIFICATION;GS1 Additional Trade Item Identification;;;;;;;;;"Value of the actual additional trade item identifier; Populated when the the Additional Trade Item Identification Type Code = 90 or SUPPLIER_ASSIGNED";;GS1_ADDITIONAL_TRADE_ITEM_IDENTIFICATION;0;80;;;;;;;;0;1;pim_catalog_text;0;0;;;
GS1_HAZARDOUSWASTEINFORMATIONISACUTELYHAZARDOUSWASTE;GS1 Is Acutely Hazardous Waste;;;;;;;;;An indicator whether or not the trade Item contains waste that would cause death, disabling personal injury, or serious illness. This wastes are more hazardous than ordinary hazardous wastes.;;GS1_DANGEROUS_HAZARDOUS_GOODS_INFORMATION;0;;;;;;;;;0;0;pim_catalog_simpleselect;0;0;;;
GS1_PACKAGINGPACKAGINGWEIGHT;GS1 Packaging Weight;;;;;;;1;KILOGRAM;Packaging weight is the physical weight of the packaging itself, minus the contents and may be provided at all levels.;;GS1_PACKAGING_INFORMATION;0;;;GDSN_Unit_Of_Measure;;0;;;;0;0;pim_catalog_metric;0;0;;;
GS1_WARRANTYDURATION;GS1 Warranty Duration;;;;;;;1;DAYS;The time period that the warranty is valid within.;;GS1_WARRANTY_INFORMATION;0;;;GDSN_Unit_Of_Measure;;0;;;;0;0;pim_catalog_metric;0;0;;;
GS1_TRADEITEMUNITDESCRIPTORCODE;GS1 Trade Item Unit Descriptor Code;;;;;;;;;Describes the hierarchical level of the trade item. TradeItemUnitIndicator is mandatory (e.g., case, pallet, etc.).;;GS1_GENERAL_ITEM_INFORMATION;0;;;;;;;;TradeItemUnitDescriptorCode;0;0;pim_reference_data_simpleselect;0;1;;;
GS1_DATACARRIERTYPECODE;GS1 Barcode Type;;;;;;;;;The type of data carrier or bar code physically present or visible on the trade item.;;GS1_GENERAL_ITEM_INFORMATION;0;;;;;;;;DataCarrierTypeCode;0;0;pim_reference_data_simpleselect;0;0;;;
GS1_SIZECODELISTCODE;GS1 Product Size Code Maintenance Agency;;;;;;;;;Code specifying a size code list. Allowed code values are specified in GS1 Code List SizeCodeListCode.;;GS1_PRODUCT_DESCRIPTION_INFORMATION;0;;;;;;;;SizeCodeListCode;0;0;pim_reference_data_simpleselect;0;0;;;
GS1_COLOURCODELISTCODE;GS1 Colour Code Maintenance Agency;;;;;;;;;Code specifying a colour code list. Allowed code values are specified in GS1 Code List ColourCodeListCode. ;;GS1_PRODUCT_DESCRIPTION_INFORMATION;0;;;;;;;;ColourCodeListCode;0;0;pim_reference_data_simpleselect;0;0;;;
GS1_GS1TRADEITEMIDENTIFICATIONKEYCODE;GS1 Trade Item ID Key Code;;;;;;;;;"Structure of the Global Trade Item Number assigned to the trade item (i.e., GTIN-8; GTIN-12; GTIN-13; or GTIN-14).";;GS1_PACKAGING_INFORMATION;0;;;;;;;;Gs1TradeItemIdentificationKeyCode;0;0;pim_reference_data_simpleselect;0;0;;;
GS1_PACKAGINGTYPECODE;GS1 Packaging Type Code;;;;;;;;;"This code signifies the type of packaging used for the item (e.g., bottle; sleeve; crate; box; etc.).";;GS1_PACKAGING_INFORMATION;0;;;;;;;;PackageTypeCode;0;0;pim_reference_data_simpleselect;0;0;;;
GS1_PACKAGINGPLATFORMTYPECODE;GS1 Platform Type Code;;;;;;;;;Indicates whether the described despatch unit is delivered on a pallet/platform and on which type of platform. If the despatch unit is delivered on a platform, the platform type must be given here. The range of the platform types/codes is listed in code sets. If targetMarket does not equal ('AU' or 'NZ' or 'SE') and productType is equal to 'PL' or 'MX' then platformTypeCode shall not be empty.;;GS1_PALLET_LOGISTIC_UNITS;0;;;;;;;;PlatformTypeCode;0;0;pim_reference_data_simpleselect;0;0;;;
GS1_SHIPPINGCONTAINERTYPECODE;GS1 Shipping Container Type Code;;;;;;;;;Type and size of the container in which the trade items composing the standard transport load (identified by a unique gtin) are shipped in by the consignor for international transport. This attribute should be populated using the ISO 6346 recommendation to indicate size and type codes of the shipping container. This code refers to the type of container and not the items inside. The first digit is the length of the container, the second is the height of the container, and the last two are the container type. This attribute cannot be repeated as a standard transport load corresponds to a unique shipping container. ;;GS1_PALLET_LOGISTIC_UNITS;0;;;;;;;;ShippingContainerTypeCode;0;0;pim_reference_data_simpleselect;0;0;;;
GS1_TEMPERATUREQUALIFIERCODE_STORAGE_HANDLING;GS1 Storage Temperature Type;;;;;;;;;"A code which qualifies the temperature range being provided (e.g., STORAGE_HANDLING; TRANSPORTATION; etc.).  This attribute is provided with the attribute minimumTemperature and maximumTemperature as is applicable using the range rules.  ";;GS1_STORAGE_HANDLING_SHELF_LIFE;0;;;;;;;;TemperatureQualifierCode;0;0;pim_reference_data_simpleselect;0;0;;;
GS1_NONFOODINGREDIENTOFCONCERNCODE;GS1 Non Food Ingredient Concern Code ;;;;;;;;;Specifies a non-food ingredient of concern.;;GS1_INGREDIENT_INFORMATION;0;;;;;;;;NonfoodIngredientOfConcernCode;0;0;pim_reference_data_simpleselect;0;0;;;
GS1_PACKAGING_HIERARCHY;GS1 PACKAGING HIERARCHY;;;;;;;;;;;GS1_HIERARCHY;0;;;;;;;;;0;0;flagbit_catalog_table;0;0;;;
GS1_GTIN_CHILD_NEXTLOWERLEVELTRADEITEMINFORMATION;GS1 Child Next Lower Level GTIN Item;;;;;;;;;Value indicates the number of unique next lower level trade items contained in a complex trade item. A complex trade item can contain at least 2 different GTINs. Only required if GTIN if isBaseUnit = FALSE.;;GS1_HIERARCHY;0;;;;;;;;;0;0;pim_catalog_text;0;1;;;
GS1_NETCONTENT;GS1 Net Content;;;;;;;1;EACH;"Only required for the consumer unit or the EACH. The amount of the trade item contained by a package, usually as claimed on the label. Example: Mineral Water 750ml - net content = 750 ML; 20 count pack of diapers, net content = 20 1N (Count); (GUI) or 'true' (Batch)";;GS1_HIERARCHY;0;;;GDSN_Unit_Of_Measure;;0;;;;0;0;pim_catalog_metric;0;1;;;
IMAGE_ATTRIBUTE;Image attribute;;;;;;;;;Example image attribute;;PRODUCT;0;;;;;;;;;0;0;pim_catalog_image;0;0;;;
URL_ATTRIBUTE;Url attribute;;;;;;;;;Example URL attribute;;PRODUCT;0;;;;;;;;;0;0;pim_catalog_text;0;0;;url;
