code;family_variant;parent;categories;ACTIVE_INGREDIENT;ATC_CODE;BASE_UOM;DOSAGE_FORM;FREQUENCY;GPC_CODE;L3;PARENTID;price_reference-USD;PRODUCT_DESCRIPTION-en_US;PRODUCT_DESCRIPTION-fr_FR;ROUTE_OF_ADMINISTRATION;SOURCE_OF_DATA;STRENGTH;SUBSTITUTION-groups;SUBSTITUTION-products;SUBSTITUTION-product_models;UNSPSC_CODE;UN_SUPPLY_MATERIAL_CODE;WHO_COVID19_ITEM_CODE
1000;VARIANT_RH_SOURCE_ID;;10000463,L5_IMP_ETO,PRODUCTS_TO_TRADE_ITEMS;Etonogestrel;;Set;;Every 3 years;10000463;Implantable_Contraceptives;1000;8.50;Etonogestrel 68 mg/rod, 1 Rod Implant;;Parenteral_Slow_Release;;68 mg/rod;;;;51352005;;
6001;VARIANT_RH_SOURCE_ID;;10000464,L5_IUD_TCU,PRODUCTS_TO_TRADE_ITEMS;Copper;;Piece;;;10000464;Copper_bearing_Intrauterine_Devices;6001;0.32;Cu375 Intrauterine Device;;Vaginal;;;;;;42143103;;
3000;VARIANT_RH_SOURCE_ID;;10000463,L5_ORL_EOC_2TAB,PRODUCTS_TO_TRADE_ITEMS;Levonorgestrel;;Dose;TA;;10000463;Emergency_Oral_Contraceptives;3000;0.23;Levonorgestrel 0.75 mg Tablet, 2 Tablets;;Oral_Solid;;0.75 mg;;;;51352006;;
10000;VARIANT_RH_SOURCE_ID;;10000460,L5_BAR_FCD_NRR,PRODUCTS_TO_TRADE_ITEMS;;;Piece;;;10000460;Female_Condoms;10000;0.50;Female Condom (Nitrile), Inner Retention Ring;;;;;;;;53131622;;
3001;VARIANT_RH_SOURCE_ID;;10000463,L5_ORL_EOC_1TAB,PRODUCTS_TO_TRADE_ITEMS;Levonrgestrel;;Dose;TA;;10000463;Emergency_Oral_Contraceptives;3001;0.64;Levonorgestrel 1.5 mg Tablet, 1 Tablet;;Oral_Solid;;1.5 mg;;;;51352006;;
1001;VARIANT_RH_SOURCE_ID;;10000463,L5_IMP_LEV_3YR,PRODUCTS_TO_TRADE_ITEMS;Levonrgestrel;;Set;;Every 3 years;10000463;Implantable_Contraceptives;1001;6.90;Levonorgestrel 75mg/rod, 2 Rod Implant, 3 Year Efficacy;;Parenteral_Slow_Release;;75mg/rod;;;;51352006;;
2001;VARIANT_RH_SOURCE_ID;;10000463,L5_ORL_COC_DESETHPLAC,PRODUCTS_TO_TRADE_ITEMS;Desogestrel/Ethinyl Estradiol;;Cycle;TA;Daily;10000463;Combined_Oral_Contraceptives;2001;0.84;Desogestrel/Ethinyl Estradiol 150/30 mcg + Placebo 28 Tablets/Cycle;;Oral_Solid;;150/30 mcg;;;;51352422;;
2003;VARIANT_RH_SOURCE_ID;;10000463,L5_ORL_COC_LEVETHFE,PRODUCTS_TO_TRADE_ITEMS;Levonorgestrel/Ethinyl Estradiol;;Cycle;TA;Montly;10000463;Combined_Oral_Contraceptives;2003;0.27;Levonorgestrel/Ethinyl Estradiol 150/30 mcg + Ferrous Fumarate 75 mg, 28 Tablets/Cycle;;Oral_Solid;;150/30 mcg;;;;51352413;;
11000;VARIANT_RH_SOURCE_ID;;10000460,L5_BAR_MCD_L49,PRODUCTS_TO_TRADE_ITEMS;;;Piece;;;10000460;Male_Condoms;11000;0.02;Male Condom (Latex), 49 mm;;;;;;;;53131622;;
1002;VARIANT_RH_SOURCE_ID;;10000463,L5_IMP_LEV_5YR,PRODUCTS_TO_TRADE_ITEMS;Levonrgestrel;;Set;;Every 5 years;10000463;Implantable_Contraceptives;1002;8.50;Levonorgestrel 75mg/rod, 2 Rod Implant, 5 Year Efficacy;;Parenteral_Slow_Release;;75mg/rod;;;;51352006;;
4001;VARIANT_RH_SOURCE_ID;;10000463,L5_ORL_POP_LYNE,PRODUCTS_TO_TRADE_ITEMS;Lynestrenol;;Cycle;TA;Daily;10000463;Progestogen_Only_Pills;4001;0.25;Lynestrenol 0.5 mg Tablet, 28 Tablets/Cycle;;Oral_Solid;;0.5 mg;;;;51181914;;
2002;VARIANT_RH_SOURCE_ID;;10000463,L5_ORL_COC_LEVETH,PRODUCTS_TO_TRADE_ITEMS;Levonorgestrel/Ethinyl Estradiol;;Cycle;TA;Daily;10000463;Combined_Oral_Contraceptives;2002;0.25;Levonorgestrel/Ethinyl Estradiol 150/30 mcg, 21 Tablets/Cycle;;Oral_Solid;;150/30 mcg;;;;51352413;;
5000;VARIANT_RH_SOURCE_ID;;10000463,L5_INJ_MEDRO_104,PRODUCTS_TO_TRADE_ITEMS;Depot Medroxyprogesterone Acetate;;Unit;;Every 3 months;10000463;Injectable_Contraceptives;5000;0.85;Depot Medroxyprogesterone Acetate 104 mg/0.65 mL, Subcutaneous, Pre-Filled Device;;Parenteral;;104 mg/0.65 mL;;;;51351612;;
2004;VARIANT_RH_SOURCE_ID;;10000463,L5_ORL_COC_LEVETHPLAC,PRODUCTS_TO_TRADE_ITEMS;Levonorgestrel/Ethinyl Estradiol;;Cycle;TA;Daily;10000463;Combined_Oral_Contraceptives;2004;0.25;Levonorgestrel/Ethinyl Estradiol 150/30 mcg + Placebo 28 Tablets/Cycle;;Oral_Solid;;150/30 mcg;;;;51352413;;
11004;VARIANT_RH_SOURCE_ID;;10000460,L5_BAR_MCD_L56,PRODUCTS_TO_TRADE_ITEMS;;;Piece;;;10000460;Male_Condoms;11004;0.02;Male Condom (Latex), 56 mm;;;;;;;;53131622;;
11002;VARIANT_RH_SOURCE_ID;;10000460,L5_BAR_MCD_L52,PRODUCTS_TO_TRADE_ITEMS;;;Piece;;;10000460;Male_Condoms;11002;0.03;Male Condom (Latex), 52 mm;;;;;;;;53131622;;
11003;VARIANT_RH_SOURCE_ID;;10000460,L5_BAR_MCD_L53,PRODUCTS_TO_TRADE_ITEMS;;;Piece;;;10000460;Male_Condoms;11003;0.02;Male Condom (Latex), 53 mm;;;;;;;;53131622;;
7000;VARIANT_RH_SOURCE_ID;;L5_SDB_CPB,PRODUCTS_TO_TRADE_ITEMS;;;Piece;;;;Standard_Days_Method;7000;1.48;Color-Coded Plastic Beads;;;;;;;;42143103;;
5001;VARIANT_RH_SOURCE_ID;;10000463,L5_INJ_MEDRO_150,PRODUCTS_TO_TRADE_ITEMS;Depot Medroxyprogesterone Acetate;;Vial;;Every 3 months;10000463;Injectable_Contraceptives;5001;0.76;Depot Medroxyprogesterone Acetate 150 mg/ml (1ml) Vial, Intramuscular;;Parenteral;;150 mg/ml;;;;51351612;;
2000;VARIANT_RH_SOURCE_ID;;10000463,L5_ORL_COC_DESETH,PRODUCTS_TO_TRADE_ITEMS;Desogestrel/Ethinyl Estradiol;;Cycle;TA;Daily;10000463;Combined_Oral_Contraceptives;2000;1.54;Desogestrel/Ethinyl Estradiol 150/30 mcg, 21 Tablets/Cycle;;Oral_Solid;;150/30 mcg;;;;51352422;;
5002;VARIANT_RH_SOURCE_ID;;10000463,L5_INJ_NORE_ENANTATE,PRODUCTS_TO_TRADE_ITEMS;Norethisterone Enantate;;Ampoule;;Every 2 months;10000463;Injectable_Contraceptives;5002;1.15;Norethisterone Enantate 200 mg/mL (1 mL) Ampoule, Intramuscular;;Parenteral;;200 mg/mL;;;;51352008;;
10002;VARIANT_RH_SOURCE_ID;;10000460,L5_BAR_FCD_LRS,PRODUCTS_TO_TRADE_ITEMS;;;Piece;;;10000460;Female_Condoms;10002;0.41;Female Condom (Latex), Inner Retention Sponge;;;;;;;;53131622;;
4000;VARIANT_RH_SOURCE_ID;;10000463,L5_ORL_POP_LEVO,PRODUCTS_TO_TRADE_ITEMS;Levonrgestrel;;Cycle;TA;Daily;10000463;Progestogen_Only_Pills;4000;0.33;Levonorgestrel 30 mcg Tablet, 35 Tablets/Cycle;;Oral_Solid;;30 mcg;;;;51352006;;
10001;VARIANT_RH_SOURCE_ID;;10000460,L5_BAR_FCD_LRR,PRODUCTS_TO_TRADE_ITEMS;;;Piece;;;10000460;Female_Condoms;10001;0.30;Female Condom (Latex), Inner Retention Ring;;;;;;;;53131622;;
8000;VARIANT_RH_SOURCE_ID;;10005844,L5_SHR,PRODUCTS_TO_TRADE_ITEMS;;;Piece;;;10006817;Injection_and_aspiration_needles_and_accessories;8000;;Sharps Container, Cardboard, 5 L, White, Disposable, Water Resistant;;;;;;;;42142531;;
5003;VARIANT_RH_SOURCE_ID;;10000463,L5_INJ_NORE_ENANTATE_ESTRADIOL,PRODUCTS_TO_TRADE_ITEMS;Norethisterone Enantate/Estradiol Valerate;;Ampoule;;Every 1 month;10000463;Injectable_Contraceptives;5003;0.94;Norethisterone Enantate/Estradiol Valerate 50/5 mg/mL (1 mL) Ampoule, Intramuscular;;Parenteral;;50/5 mg/mL;;;;51352423;;
2000_UNFPA;VARIANT_RH_SOURCE_ID;2000;10000463,L5_ORL_COC_DESETH,PRODUCTS_TO_TRADE_ITEMS;Desogestrel/Ethinyl Estradiol;;Cycle;TA;Daily;10000463;Combined_Oral_Contraceptives;2000;1.54;Desogestrel/Ethinyl Estradiol 150/30 mcg, 21 Tablets/Cycle;;Oral_Solid;UNFPA;150/30 mcg;;;;51352422;;
2001_UNFPA;VARIANT_RH_SOURCE_ID;2001;10000463,L5_ORL_COC_DESETHPLAC,PRODUCTS_TO_TRADE_ITEMS;Desogestrel/Ethinyl Estradiol;;Cycle;TA;Daily;10000463;Combined_Oral_Contraceptives;2001;0.84;Desogestrel/Ethinyl Estradiol 150/30 mcg + Placebo 28 Tablets/Cycle;;Oral_Solid;UNFPA;150/30 mcg;;;;51352422;;
2002_UNFPA;VARIANT_RH_SOURCE_ID;2002;10000463,L5_ORL_COC_LEVETH,PRODUCTS_TO_TRADE_ITEMS;Levonorgestrel/Ethinyl Estradiol;;Cycle;TA;Daily;10000463;Combined_Oral_Contraceptives;2002;0.25;Levonorgestrel/Ethinyl Estradiol 150/30 mcg, 21 Tablets/Cycle;;Oral_Solid;UNFPA;150/30 mcg;;;;51352413;;
2003_GHSC_PSM;VARIANT_RH_SOURCE_ID;2003;10000463,L5_ORL_COC_LEVETHFE,PRODUCTS_TO_TRADE_ITEMS;Levonorgestrel/Ethinyl Estradiol;;Cycle;TA;Montly;10000463;Combined_Oral_Contraceptives;2003;0.27;Levonorgestrel/Ethinyl Estradiol 150/30 mcg + Ferrous Fumarate 75 mg, 28 Tablets/Cycle;;Oral_Solid;GHSC_PSM;150/30 mcg;;;;51352413;;
2003_UNFPA;VARIANT_RH_SOURCE_ID;2003;10000463,L5_ORL_COC_LEVETHFE,PRODUCTS_TO_TRADE_ITEMS;Levonorgestrel/Ethinyl Estradiol;;Cycle;TA;Montly;10000463;Combined_Oral_Contraceptives;2003;0.27;Levonorgestrel/Ethinyl Estradiol 150/30 mcg + Ferrous Fumarate 75 mg, 28 Tablets/Cycle;;Oral_Solid;UNFPA;150/30 mcg;;;;51352413;;
2004_UNFPA;VARIANT_RH_SOURCE_ID;2004;10000463,L5_ORL_COC_LEVETHPLAC,PRODUCTS_TO_TRADE_ITEMS;Levonorgestrel/Ethinyl Estradiol;;Cycle;TA;Daily;10000463;Combined_Oral_Contraceptives;2004;0.25;Levonorgestrel/Ethinyl Estradiol 150/30 mcg + Placebo 28 Tablets/Cycle;;Oral_Solid;UNFPA;150/30 mcg;;;;51352413;;
11001;VARIANT_RH_SOURCE_ID;;10000460,L5_BAR_MCD_L51,PRODUCTS_TO_TRADE_ITEMS;;;Piece;;;10000460;Male_Condoms;11001;0.02;Male Condom (Latex), 51 mm;;;;;;;;53131622;;
6000_UNFPA;VARIANT_RH_SOURCE_ID;6000;10000464,L5_IUD_TCU,PRODUCTS_TO_TRADE_ITEMS;Copper;;Piece;;;10000464;Copper_bearing_Intrauterine_Devices;6000;0.00;TCu380A Intrauterine Device;;Vaginal;UNFPA;;;;;42143103;;
6000_GHSC_PSM;VARIANT_RH_SOURCE_ID;6000;10000464,L5_IUD_TCU,PRODUCTS_TO_TRADE_ITEMS;Copper;;Piece;;;10000464;Copper_bearing_Intrauterine_Devices;6000;0.00;TCu380A Intrauterine Device;;Vaginal;GHSC_PSM;;;;;42143103;;
3000_UNFPA;VARIANT_RH_SOURCE_ID;3000;10000463,L5_ORL_EOC_2TAB,PRODUCTS_TO_TRADE_ITEMS;Levonorgestrel;;Dose;TA;;10000463;Emergency_Oral_Contraceptives;3000;0.23;Levonorgestrel 0.75 mg Tablet, 2 Tablets;;Oral_Solid;UNFPA;0.75 mg;;;;51352006;;
3000_GHSC_PSM;VARIANT_RH_SOURCE_ID;3000;10000463,L5_ORL_EOC_2TAB,PRODUCTS_TO_TRADE_ITEMS;Levonorgestrel;;Dose;TA;;10000463;Emergency_Oral_Contraceptives;3000;0.23;Levonorgestrel 0.75 mg Tablet, 2 Tablets;;Oral_Solid;GHSC_PSM;0.75 mg;;;;51352006;;
3001_UNFPA;VARIANT_RH_SOURCE_ID;3001;10000463,L5_ORL_EOC_1TAB,PRODUCTS_TO_TRADE_ITEMS;Levonrgestrel;;Dose;TA;;10000463;Emergency_Oral_Contraceptives;3001;0.64;Levonorgestrel 1.5 mg Tablet, 1 Tablet;;Oral_Solid;UNFPA;1.5 mg;;;;51352006;;
3001_GHSC_PSM;VARIANT_RH_SOURCE_ID;3001;10000463,L5_ORL_EOC_1TAB,PRODUCTS_TO_TRADE_ITEMS;Levonrgestrel;;Dose;TA;;10000463;Emergency_Oral_Contraceptives;3001;0.64;Levonorgestrel 1.5 mg Tablet, 1 Tablet;;Oral_Solid;GHSC_PSM;1.5 mg;;;;51352006;;
10001_UNFPA;VARIANT_RH_SOURCE_ID;10001;10000460,L5_BAR_FCD_LRR,PRODUCTS_TO_TRADE_ITEMS;;;Piece;;;10000460;Female_Condoms;10001;0.30;Female Condom (Latex), Inner Retention Ring;;;UNFPA;;;;;53131622;;
10002_UNFPA;VARIANT_RH_SOURCE_ID;10002;10000460,L5_BAR_FCD_LRS,PRODUCTS_TO_TRADE_ITEMS;;;Piece;;;10000460;Female_Condoms;10002;0.41;Female Condom (Latex), Inner Retention Sponge;;;UNFPA;;;;;53131622;;
10000_UNFPA;VARIANT_RH_SOURCE_ID;10000;10000460,L5_BAR_FCD_NRR,PRODUCTS_TO_TRADE_ITEMS;;;Piece;;;10000460;Female_Condoms;10000;0.50;Female Condom (Nitrile), Inner Retention Ring;;;UNFPA;;;;;53131622;;
10000_GHSC_PSM;VARIANT_RH_SOURCE_ID;10000;10000460,L5_BAR_FCD_NRR,PRODUCTS_TO_TRADE_ITEMS;;;Piece;;;10000460;Female_Condoms;10000;0.50;Female Condom (Nitrile), Inner Retention Ring;;;GHSC_PSM;;;;;53131622;;
11005;VARIANT_RH_SOURCE_ID;;10000460,L5_BAR_MCD_L58,PRODUCTS_TO_TRADE_ITEMS;;;Piece;;;10000460;Male_Condoms;11005;0.02;Male Condom (Latex), 58 mm;;;;;;;;53131622;;
1000_GHSC_PSM;VARIANT_RH_SOURCE_ID;1000;10000463,L5_IMP_ETO,PRODUCTS_TO_TRADE_ITEMS;Etonogestrel;;Set;;Every 3 years;10000463;Implantable_Contraceptives;1000;8.50;Etonogestrel 68 mg/rod, 1 Rod Implant;;Parenteral_Slow_Release;GHSC_PSM;68 mg/rod;;;;51352005;;
1000_UNFPA;VARIANT_RH_SOURCE_ID;1000;10000463,L5_IMP_ETO,PRODUCTS_TO_TRADE_ITEMS;Etonogestrel;;Set;;Every 3 years;10000463;Implantable_Contraceptives;1000;8.50;Etonogestrel 68 mg/rod, 1 Rod Implant;;Parenteral_Slow_Release;UNFPA;68 mg/rod;;;;51352005;;
1001_UNFPA;VARIANT_RH_SOURCE_ID;1001;10000463,L5_IMP_LEV_3YR,PRODUCTS_TO_TRADE_ITEMS;Levonrgestrel;;Set;;Every 3 years;10000463;Implantable_Contraceptives;1001;6.90;Levonorgestrel 75mg/rod, 2 Rod Implant, 3 Year Efficacy;;Parenteral_Slow_Release;UNFPA;75mg/rod;;;;51352006;;
1001_GHSC_PSM;VARIANT_RH_SOURCE_ID;1001;10000463,L5_IMP_LEV_3YR,PRODUCTS_TO_TRADE_ITEMS;Levonrgestrel;;Set;;Every 3 years;10000463;Implantable_Contraceptives;1001;6.90;Levonorgestrel 75mg/rod, 2 Rod Implant, 3 Year Efficacy;;Parenteral_Slow_Release;GHSC_PSM;75mg/rod;;;;51352006;;
1002_GHSC_PSM;VARIANT_RH_SOURCE_ID;1002;10000463,L5_IMP_LEV_5YR,PRODUCTS_TO_TRADE_ITEMS;Levonrgestrel;;Set;;Every 5 years;10000463;Implantable_Contraceptives;1002;8.50;Levonorgestrel 75mg/rod, 2 Rod Implant, 5 Year Efficacy;;Parenteral_Slow_Release;GHSC_PSM;75mg/rod;;;;51352006;;
1002_UNFPA;VARIANT_RH_SOURCE_ID;1002;10000463,L5_IMP_LEV_5YR,PRODUCTS_TO_TRADE_ITEMS;Levonrgestrel;;Set;;Every 5 years;10000463;Implantable_Contraceptives;1002;8.50;Levonorgestrel 75mg/rod, 2 Rod Implant, 5 Year Efficacy;;Parenteral_Slow_Release;UNFPA;75mg/rod;;;;51352006;;
5000_GHSC_PSM;VARIANT_RH_SOURCE_ID;5000;10000463,L5_INJ_MEDRO_104,PRODUCTS_TO_TRADE_ITEMS;Depot Medroxyprogesterone Acetate;;Unit;;Every 3 months;10000463;Injectable_Contraceptives;5000;0.85;Depot Medroxyprogesterone Acetate 104 mg/0.65 mL, Subcutaneous, Pre-Filled Device;;Parenteral;GHSC_PSM;104 mg/0.65 mL;;;;51351612;;
5000_UNFPA;VARIANT_RH_SOURCE_ID;5000;10000463,L5_INJ_MEDRO_104,PRODUCTS_TO_TRADE_ITEMS;Depot Medroxyprogesterone Acetate;;Unit;;Every 3 months;10000463;Injectable_Contraceptives;5000;0.85;Depot Medroxyprogesterone Acetate 104 mg/0.65 mL, Subcutaneous, Pre-Filled Device;;Parenteral;UNFPA;104 mg/0.65 mL;;;;51351612;;
5001_GHSC_PSM;VARIANT_RH_SOURCE_ID;5001;10000463,L5_INJ_MEDRO_150,PRODUCTS_TO_TRADE_ITEMS;Depot Medroxyprogesterone Acetate;;Vial;;Every 3 months;10000463;Injectable_Contraceptives;5001;0.76;Depot Medroxyprogesterone Acetate 150 mg/ml (1ml) Vial, Intramuscular;;Parenteral;GHSC_PSM;150 mg/ml;;;;51351612;;
5001_UNFPA;VARIANT_RH_SOURCE_ID;5001;10000463,L5_INJ_MEDRO_150,PRODUCTS_TO_TRADE_ITEMS;Depot Medroxyprogesterone Acetate;;Vial;;Every 3 months;10000463;Injectable_Contraceptives;5001;0.76;Depot Medroxyprogesterone Acetate 150 mg/ml (1ml) Vial, Intramuscular;;Parenteral;UNFPA;150 mg/ml;;;;51351612;;
4002;VARIANT_RH_SOURCE_ID;;10000463,L5_ORL_POP_NORE,PRODUCTS_TO_TRADE_ITEMS;Norethisterone;;Cycle;TA;Daily;10000463;Progestogen_Only_Pills;4002;0.73;Norethisterone 350 mcg Tablet, 28 Tablets/Cycle;;Oral_Solid;;350 mcg;;;;51352008;;
5002_GHSC_PSM;VARIANT_RH_SOURCE_ID;5002;10000463,L5_INJ_NORE_ENANTATE,PRODUCTS_TO_TRADE_ITEMS;Norethisterone Enantate;;Ampoule;;Every 2 months;10000463;Injectable_Contraceptives;5002;1.15;Norethisterone Enantate 200 mg/mL (1 mL) Ampoule, Intramuscular;;Parenteral;GHSC_PSM;200 mg/mL;;;;51352008;;
5002_UNFPA;VARIANT_RH_SOURCE_ID;5002;10000463,L5_INJ_NORE_ENANTATE,PRODUCTS_TO_TRADE_ITEMS;Norethisterone Enantate;;Ampoule;;Every 2 months;10000463;Injectable_Contraceptives;5002;1.15;Norethisterone Enantate 200 mg/mL (1 mL) Ampoule, Intramuscular;;Parenteral;UNFPA;200 mg/mL;;;;51352008;;
5003_UNFPA;VARIANT_RH_SOURCE_ID;5003;10000463,L5_INJ_NORE_ENANTATE_ESTRADIOL,PRODUCTS_TO_TRADE_ITEMS;Norethisterone Enantate/Estradiol Valerate;;Ampoule;;Every 1 month;10000463;Injectable_Contraceptives;5003;0.94;Norethisterone Enantate/Estradiol Valerate 50/5 mg/mL (1 mL) Ampoule, Intramuscular;;Parenteral;UNFPA;50/5 mg/mL;;;;51352423;;
8000_GHSC_PSM;VARIANT_RH_SOURCE_ID;8000;10005844,L5_SHR,PRODUCTS_TO_TRADE_ITEMS;;;Piece;;;10006817;Injection_and_aspiration_needles_and_accessories;8000;;Sharps Container, Cardboard, 5 L, White, Disposable, Water Resistant;;;GHSC_PSM;;;;;42142531;;
11000_UNFPA;VARIANT_RH_SOURCE_ID;11000;10000460,L5_BAR_MCD_L49,PRODUCTS_TO_TRADE_ITEMS;;;Piece;;;10000460;Male_Condoms;11000;0.02;Male Condom (Latex), 49 mm;;;UNFPA;;;;;53131622;;
11000_GHSC_PSM;VARIANT_RH_SOURCE_ID;11000;10000460,L5_BAR_MCD_L49,PRODUCTS_TO_TRADE_ITEMS;;;Piece;;;10000460;Male_Condoms;11000;0.02;Male Condom (Latex), 49 mm;;;GHSC_PSM;;;;;53131622;;
11001_UNFPA;VARIANT_RH_SOURCE_ID;11001;10000460,L5_BAR_MCD_L51,PRODUCTS_TO_TRADE_ITEMS;;;Piece;;;10000460;Male_Condoms;11001;0.02;Male Condom (Latex), 51 mm;;;UNFPA;;;;;53131622;;
11002_UNFPA;VARIANT_RH_SOURCE_ID;11002;10000460,L5_BAR_MCD_L52,PRODUCTS_TO_TRADE_ITEMS;;;Piece;;;10000460;Male_Condoms;11002;0.03;Male Condom (Latex), 52 mm;;;UNFPA;;;;;53131622;;
11002_GHSC_PSM;VARIANT_RH_SOURCE_ID;11002;10000460,L5_BAR_MCD_L52,PRODUCTS_TO_TRADE_ITEMS;;;Piece;;;10000460;Male_Condoms;11002;0.03;Male Condom (Latex), 52 mm;;;GHSC_PSM;;;;;53131622;;
11003_UNFPA;VARIANT_RH_SOURCE_ID;11003;10000460,L5_BAR_MCD_L53,PRODUCTS_TO_TRADE_ITEMS;;;Piece;;;10000460;Male_Condoms;11003;0.02;Male Condom (Latex), 53 mm;;;UNFPA;;;;;53131622;;
4003;VARIANT_RH_SOURCE_ID;;10000463,L5_ORL_POP_NORG,PRODUCTS_TO_TRADE_ITEMS;Norgestrel;;Cycle;TA;Daily;10000463;Progestogen_Only_Pills;4003;0.32;Norgestrel 75 mcg, 28 Tablets/Cycle;;Oral_Solid;;75 mcg;;;;51352011;;
11003_GHSC_PSM;VARIANT_RH_SOURCE_ID;11003;10000460,L5_BAR_MCD_L53,PRODUCTS_TO_TRADE_ITEMS;;;Piece;;;10000460;Male_Condoms;11003;0.02;Male Condom (Latex), 53 mm;;;GHSC_PSM;;;;;53131622;;
11005_UNFPA;VARIANT_RH_SOURCE_ID;11005;10000460,L5_BAR_MCD_L58,PRODUCTS_TO_TRADE_ITEMS;;;Piece;;;10000460;Male_Condoms;11005;0.02;Male Condom (Latex), 58 mm;;;UNFPA;;;;;53131622;;
4000_GHSC_PSM;VARIANT_RH_SOURCE_ID;4000;10000463,L5_ORL_POP_LEVO,PRODUCTS_TO_TRADE_ITEMS;Levonrgestrel;;Cycle;TA;Daily;10000463;Progestogen_Only_Pills;4000;0.33;Levonorgestrel 30 mcg Tablet, 35 Tablets/Cycle;;Oral_Solid;GHSC_PSM;30 mcg;;;;51352006;;
4000_UNFPA;VARIANT_RH_SOURCE_ID;4000;10000463,L5_ORL_POP_LEVO,PRODUCTS_TO_TRADE_ITEMS;Levonrgestrel;;Cycle;TA;Daily;10000463;Progestogen_Only_Pills;4000;0.33;Levonorgestrel 30 mcg Tablet, 35 Tablets/Cycle;;Oral_Solid;UNFPA;30 mcg;;;;51352006;;
4001_UNFPA;VARIANT_RH_SOURCE_ID;4001;10000463,L5_ORL_POP_LYNE,PRODUCTS_TO_TRADE_ITEMS;Lynestrenol;;Cycle;TA;Daily;10000463;Progestogen_Only_Pills;4001;0.25;Lynestrenol 0.5 mg Tablet, 28 Tablets/Cycle;;Oral_Solid;UNFPA;0.5 mg;;;;51181914;;
4002_UNFPA;VARIANT_RH_SOURCE_ID;4002;10000463,L5_ORL_POP_NORE,PRODUCTS_TO_TRADE_ITEMS;Norethisterone;;Cycle;TA;Daily;10000463;Progestogen_Only_Pills;4002;0.73;Norethisterone 350 mcg Tablet, 28 Tablets/Cycle;;Oral_Solid;UNFPA;350 mcg;;;;51352008;;
7000_GHSC_PSM;VARIANT_RH_SOURCE_ID;7000;L5_SDB_CPB,PRODUCTS_TO_TRADE_ITEMS;;;Piece;;;;Standard_Days_Method;7000;1.48;Color-Coded Plastic Beads;;;GHSC_PSM;;;;;42143103;;
9000_GHSC_PSM;VARIANT_RH_SOURCE_ID;9000;10000456,L5_SYR,PRODUCTS_TO_TRADE_ITEMS;;;Piece;;;10000456;Syringes_and_accessories;9000;0.09;Syringe, With Needle, 1 mL, 22G x 1.0 in, Auto-Disable, Sterile, Single Use;;;GHSC_PSM;;;;;42142609;;
9000;VARIANT_RH_SOURCE_ID;;10000456,L5_SYR,PRODUCTS_TO_TRADE_ITEMS;;;Piece;;;10000456;Syringes_and_accessories;9000;0.09;Syringe, With Needle, 1 mL, 22G x 1.0 in, Auto-Disable, Sterile, Single Use;;;;;;;;42142609;;
6000;VARIANT_RH_SOURCE_ID;;10000464,L5_IUD_TCU,PRODUCTS_TO_TRADE_ITEMS;Copper;;Piece;;;10000464;Copper_bearing_Intrauterine_Devices;6000;0.00;TCu380A Intrauterine Device;;Vaginal;;;;;;42143103;;
MASK_N95_MEDIUM;PACK_SIZE;;COVID_PPE_HEALTHCARE_PROVIDERS_PROTECTION,PRODUCTS_TO_TRADE_ITEMS;;;Piece;;;;;;1.50;Respirator, Mask, N95/FFP2 Size Medium;;;;;;;;;;PPERESP001
MASK_N95_SMALL;PACK_SIZE;;COVID_PPE_HEALTHCARE_PROVIDERS_PROTECTION,PRODUCTS_TO_TRADE_ITEMS;;;Piece;;;;;;1.50;Respirator, Mask, N95/FFP2 Size Small;;;;;;;;;;PPERESP001
MASK_N95_LARGE;PACK_SIZE;;COVID_PPE_HEALTHCARE_PROVIDERS_PROTECTION,PRODUCTS_TO_TRADE_ITEMS;;;Piece;;;;;;1.50;Respirator, Mask, N95/FFP2 Size Large;;;;;;;;;;PPERESP001
C1000;PACK_SIZE;;COVID_BIOMED_O2_DELIVERY_DEVICES_NASAL_CANNULA_CATHETER,LMIS,PRODUCTS_TO_TRADE_ITEMS;;;Piece;;;;;;7.50;"Catheter, nasal, 40 cm, with lateral eyes, sterile, single use; Size 10 Fr";;;;;;;;;;BIOCATN001
C1001;PACK_SIZE;;COVID_BIOMED_O2_DELIVERY_DEVICES_NASAL_CANNULA_CATHETER,LMIS,PRODUCTS_TO_TRADE_ITEMS;;;Piece;;;;;;7.50;"Catheter, nasal, 40 cm, with lateral eyes, sterile, single use; Size 12 Fr";;;;;;;;;;BIOCATN001
C1002;PACK_SIZE;;COVID_BIOMED_O2_DELIVERY_DEVICES_NASAL_CANNULA_CATHETER,LMIS,PRODUCTS_TO_TRADE_ITEMS;;;Piece;;;;;;7.50;"Catheter, nasal, 40 cm, with lateral eyes, sterile, single use; Size 14 Fr";;;;;;;;;;BIOCATN001
C1003;PACK_SIZE;;COVID_BIOMED_O2_DELIVERY_DEVICES_NASAL_CANNULA_CATHETER,LMIS,PRODUCTS_TO_TRADE_ITEMS;;;Piece;;;;;;7.50;"Catheter, nasal, 40 cm, with lateral eyes, sterile, single use; Size 16 Fr";;;;;;;;;;BIOCATN001
C1004;PACK_SIZE;;COVID_BIOMED_O2_DELIVERY_DEVICES_NASAL_CANNULA_CATHETER,LMIS,PRODUCTS_TO_TRADE_ITEMS;;;Piece;;;;;;7.50;"Catheter, nasal, 40 cm, with lateral eyes, sterile, single use; Size 18 Fr";;;;;;;;;;BIOCATN001
C1005;PACK_SIZE;;COVID_BIOMED_O2_DELIVERY_DEVICES_NASAL_CANNULA_CATHETER,LMIS,PRODUCTS_TO_TRADE_ITEMS;;;Piece;;;;;;0.7;Nasal oxygen cannula, with prongs, adult;;;;;;;;;;BIOCAOX001
C1006;PACK_SIZE;;COVID_BIOMED_O2_DELIVERY_DEVICES_NASAL_CANNULA_CATHETER,LMIS,PRODUCTS_TO_TRADE_ITEMS;;;Piece;;;;;;0.8;Nasal oxygen cannula, with prongs, pediatric;;;;;;;;;;BIOCAOX002
C1007;PACK_SIZE;;COVID_BIOMED_O2_DELIVERY_DEVICES_MASKS,LMIS,PRODUCTS_TO_TRADE_ITEMS;;;Piece;;;;;;1.9;Mask, oxygen, with connection tube, reservoir bag and valve, high-concentration, non-sterile, single use, adult;;;;;;;;;;BIOMASO001
C1008;PACK_SIZE;;COVID_BIOMED_O2_DELIVERY_DEVICES_MASKS,LMIS,PRODUCTS_TO_TRADE_ITEMS;;;Piece;;;;;;2;Mask, oxygen, with connection tube, reservoir bag and valve, high-concentration, non-sterile, single use, pediatric;;;;;;;;;;BIOMASO002
C1009;PACK_SIZE;;COVID_BIOMED_O2_DELIVERY_DEVICES_MASKS,LMIS,PRODUCTS_TO_TRADE_ITEMS;;;Piece;;;;;;1.3;Venturi Mask, with percent O2 Lock and tubing, adult;;;;;;;;;;BIOVMAS001
C1010;PACK_SIZE;;COVID_BIOMED_O2_DELIVERY_DEVICES_MASKS,LMIS,PRODUCTS_TO_TRADE_ITEMS;;;Piece;;;;;;2.2;Venturi Mask, with percent O2 Lock and tubing, pediatric;;;;;;;;;;BIOVMAS002
C1011;PACK_SIZE;;COVID_BIOMED_MONITORING,LMIS,PRODUCTS_TO_TRADE_ITEMS;;;Piece;;;;;;40;Infrared thermometer;;;;;;;;;;BIOTHER001
C1012;PACK_SIZE;;COVID_BIOMED_MONITORING,LMIS,PRODUCTS_TO_TRADE_ITEMS;;;Each;;;;;;250;Pulse oximeter - portable handheld, with cables and sensor;;;;;;;;;;BIOPUOX001
C1013;PACK_SIZE;;COVID_BIOMED_MONITORING,LMIS,PRODUCTS_TO_TRADE_ITEMS;;;Each;;;;;;40;Pulse oximeter - fingertip;;;;;;;;;;BIOPUOX002
C1014;PACK_SIZE;;COVID_BIOMED_MONITORING,LMIS,PRODUCTS_TO_TRADE_ITEMS;;;Each;;;;;;950;Pulse oximeter - table top, with cables and sensor;;;;;;;;;;BIOPUOX003
C1015;PACK_SIZE;;COVID_BIOMED_MONITORING,LMIS,PRODUCTS_TO_TRADE_ITEMS;;;Each;;;;;;7901;Patient monitor, multiparametric, including EKG, non invasive blood pressure (NIBP), oxygen saturation (SpO2), respiratory rate (RR), temperature (TEMP), with sensors and cables;;;;;;;;;;BIOPAMO001
C1016;PACK_SIZE;;COVID_BIOMED_MONITORING,LMIS,PRODUCTS_TO_TRADE_ITEMS;;;Each;;;;;;1300;Patient monitor, multiparametric, NIBP, SpO2, TEMP, respiratory rate (RR) with sensors and cables, (without EKG);;;;;;;;;;BIOPAMO002
C1017;PACK_SIZE;;COVID_BIOMED_O2_THERAPY_SOURCES,LMIS,PRODUCTS_TO_TRADE_ITEMS;;;Each;;;;;;883;Concentrator O2, 10 L, with accessories;;;;;;;;;;BIOCONO001
C1018;PACK_SIZE;;COVID_BIOMED_O2_THERAPY_SOURCES,LMIS,PRODUCTS_TO_TRADE_ITEMS;;;Each;;;;;;;Oxygen plant, pressure swing absorption (PSA);;;;;;;;;;BIOOXPL001
C1019;PACK_SIZE;;COVID_BIOMED_O2_THERAPY_ACCESSORIES_AND_CONSUMABLES,LMIS,PRODUCTS_TO_TRADE_ITEMS;;;Meter;;;;;;2.7;Tubing, medical gases, int. diam. 5 mm;;;;;;;;;;BIOTUBG001
C1020;PACK_SIZE;;COVID_BIOMED_O2_THERAPY_ACCESSORIES_AND_CONSUMABLES,LMIS,PRODUCTS_TO_TRADE_ITEMS;;;Each;;;;;;3.5;Bubble humidifier;;;;;;;;;;BIOHUMI001
C1021;PACK_SIZE;;COVID_BIOMED_O2_THERAPY_ACCESSORIES_AND_CONSUMABLES,LMIS,PRODUCTS_TO_TRADE_ITEMS;;;Each;;;;;;1.1;Connector, biconical, symmetric, ext. diam. 7 mm;;;;;;;;;;BIOCONB001
C1022;PACK_SIZE;;COVID_BIOMED_O2_THERAPY_ACCESSORIES_AND_CONSUMABLES,LMIS,PRODUCTS_TO_TRADE_ITEMS;;;Each;;;;;;1.1;Connector, biconical, symmetric, ext. diam. 8 mm;;;;;;;;;;BIOCONB001
C1023;PACK_SIZE;;COVID_BIOMED_O2_THERAPY_ACCESSORIES_AND_CONSUMABLES,LMIS,PRODUCTS_TO_TRADE_ITEMS;;;Each;;;;;;1.1;Connector, biconical, symmetric, ext. diam. 9 mm;;;;;;;;;;BIOCONB001
C1024;PACK_SIZE;;COVID_BIOMED_O2_THERAPY_ACCESSORIES_AND_CONSUMABLES,LMIS,PRODUCTS_TO_TRADE_ITEMS;;;Each;;;;;;1.1;Connector, biconical, symmetric, ext. diam. 10 mm;;;;;;;;;;BIOCONB001
C1025;PACK_SIZE;;COVID_BIOMED_O2_THERAPY_ACCESSORIES_AND_CONSUMABLES,LMIS,PRODUCTS_TO_TRADE_ITEMS;;;Each;;;;;;1.1;Connector, biconical, symmetric, ext. diam. 11 mm;;;;;;;;;;BIOCONB001
C1026;PACK_SIZE;;COVID_BIOMED_O2_THERAPY_ACCESSORIES_AND_CONSUMABLES,LMIS,PRODUCTS_TO_TRADE_ITEMS;;;Each;;;;;;137;Flow splitter, 5 flowmeters 0-2 L/min, for pediatric use;;;;;;;;;;BIOFLOS001
C1027;PACK_SIZE;;COVID_BIOMED_O2_THERAPY_ACCESSORIES_AND_CONSUMABLES,LMIS,PRODUCTS_TO_TRADE_ITEMS;;;Each;;;;;;100;Flowmeter, Thorpe tube, for oxygen 0-15 L/min;;;;;;;;;;BIOFLOM001
C1028;PACK_SIZE;;COVID_BIOMED_O2_THERAPY_MECHANICAL_VENTILATION,LMIS,PRODUCTS_TO_TRADE_ITEMS;;;Each;;;;;;28384;Patient ventilator, intensive care, for adult and pediatric, with breathing circuits and patient interface;;;;;;;;;;BIOVENP001
C1029;PACK_SIZE;;COVID_BIOMED_O2_THERAPY_MECHANICAL_VENTILATION,LMIS,PRODUCTS_TO_TRADE_ITEMS;;;Each;;;;;;7250;Patient ventilator, transport, for adult and pediatric, with breathing circuits and patient interface;;;;;;;;;;BIOVENP002
C1030;PACK_SIZE;;COVID_BIOMED_O2_THERAPY_MECHANICAL_VENTILATION_ACCESSORIES,LMIS,PRODUCTS_TO_TRADE_ITEMS;;;Each;;;;;;4;Filter, heat and moisture exchanger (HMEF), high efficiency, with connectors, for adult, single use;;;;;;;;;;BIOFILT001
C1031;PACK_SIZE;;COVID_BIOMED_O2_THERAPY_MECHANICAL_VENTILATION_ACCESSORIES,LMIS,PRODUCTS_TO_TRADE_ITEMS;;;Each;;;;;;4.1;Filter, heat and moisture exchanger (HMEF), high efficiency, with connectors, for pediatric, single use;;;;;;;;;;BIOFILT002
C1032;PACK_SIZE;;COVID_BIOMED_O2_THERAPY_MECHANICAL_VENTILATION_ACCESSORIES,LMIS,PRODUCTS_TO_TRADE_ITEMS;;;Each;;;;;;62;Compressible self-refilling ventilation bag for adult, capacity > 1500 mL, with masks, small;;;;;;;;;;BIOBAGV001
C1033;PACK_SIZE;;COVID_BIOMED_O2_THERAPY_MECHANICAL_VENTILATION_ACCESSORIES,LMIS,PRODUCTS_TO_TRADE_ITEMS;;;Each;;;;;;62;Compressible self-refilling ventilation bag for adult, capacity > 1500 mL, with masks, medium;;;;;;;;;;BIOBAGV001
C1034;PACK_SIZE;;COVID_BIOMED_O2_THERAPY_MECHANICAL_VENTILATION_ACCESSORIES,LMIS,PRODUCTS_TO_TRADE_ITEMS;;;Each;;;;;;62;Compressible self-refilling ventilation bag for adult, capacity > 1500 mL, with masks, large;;;;;;;;;;BIOBAGV001
C1035;PACK_SIZE;;COVID_BIOMED_O2_THERAPY_NON_INVASIVE_VENTILATION,LMIS,PRODUCTS_TO_TRADE_ITEMS;;;Each;;;;;;1800;BiPAP, with tubing and patient interfaces for adult and pediatric, with accessories;;;;;;;;;;BIOBIPA001
C1036;PACK_SIZE;;COVID_BIOMED_O2_THERAPY_NON_INVASIVE_VENTILATION,LMIS,PRODUCTS_TO_TRADE_ITEMS;;;Each;;;;;;5606;CPAP, with tubing and patient interfaces for adult and pediatric, with accessories;;;;;;;;;;BIOCPAP001
C1037;PACK_SIZE;;COVID_BIOMED_O2_THERAPY_NON_INVASIVE_VENTILATION,LMIS,PRODUCTS_TO_TRADE_ITEMS;;;Piece;;;;;;0.4;High Flow Nasal Cannula, with accessories;;;;;;;;;;BIOCAHF001
C1038;PACK_SIZE;;COVID_PPE_HEALTHCARE_PROVIDERS_PROTECTION,LMIS,PRODUCTS_TO_TRADE_ITEMS;;;Piece;;;;;;0.2;APRON PROTECTION, plastic, disposable;;;;;;;;;;PPEAPRO001
C1039;PACK_SIZE;;COVID_PPE_HEALTHCARE_PROVIDERS_PROTECTION,LMIS,PRODUCTS_TO_TRADE_ITEMS;;;Piece;;;;;;0.4;GLOVES, SURGICAL, s.u., sterile, size 6.5, pair;;;;;;;;;;PPEGLOS001
C1040;PACK_SIZE;;COVID_PPE_HEALTHCARE_PROVIDERS_PROTECTION,LMIS,PRODUCTS_TO_TRADE_ITEMS;;;Piece;;;;;;0.4;GLOVES, SURGICAL, s.u., sterile, size 7, pair;;;;;;;;;;PPEGLOS002
C1041;PACK_SIZE;;COVID_PPE_HEALTHCARE_PROVIDERS_PROTECTION,LMIS,PRODUCTS_TO_TRADE_ITEMS;;;Piece;;;;;;0.4;GLOVES, SURGICAL, s.u., sterile, size 7.5, pair;;;;;;;;;;PPEGLOS003
C1042;PACK_SIZE;;COVID_PPE_HEALTHCARE_PROVIDERS_PROTECTION,LMIS,PRODUCTS_TO_TRADE_ITEMS;;;Piece;;;;;;0.4;GLOVES, SURGICAL, s.u., sterile, size 8, pair;;;;;;;;;;PPEGLOS004
C1043;PACK_SIZE;;COVID_PPE_HEALTHCARE_PROVIDERS_PROTECTION,LMIS,PRODUCTS_TO_TRADE_ITEMS;;;Piece;;;;;;0.4;GLOVES, SURGICAL, s.u., sterile, size 8.5, pair;;;;;;;;;;PPEGLOS005
C1044;PACK_SIZE;;COVID_PPE_HEALTHCARE_PROVIDERS_PROTECTION,LMIS,PRODUCTS_TO_TRADE_ITEMS;;;Piece;;;;;;0.1;GLOVE EXAMINATION, nitrile, pf, size S;;;;;;;;;;PPEGLOE001
C1045;PACK_SIZE;;COVID_PPE_HEALTHCARE_PROVIDERS_PROTECTION,LMIS,PRODUCTS_TO_TRADE_ITEMS;;;Piece;;;;;;0.1;GLOVE EXAMINATION, nitrile, pf, size M;;;;;;;;;;PPEGLOE002
C1046;PACK_SIZE;;COVID_PPE_HEALTHCARE_PROVIDERS_PROTECTION,LMIS,PRODUCTS_TO_TRADE_ITEMS;;;Piece;;;;;;0.1;GLOVE EXAMINATION, nitrile, pf, size L;;;;;;;;;;PPEGLOE003
C1047;PACK_SIZE;;COVID_PPE_HEALTHCARE_PROVIDERS_PROTECTION,LMIS,PRODUCTS_TO_TRADE_ITEMS;;;Piece;;;;;;0.1;GLOVE EXAMINATION, nitrile, pf, size XL;;;;;;;;;;PPEGLOE004
C1048;PACK_SIZE;;COVID_PPE_HEALTHCARE_PROVIDERS_PROTECTION,LMIS,PRODUCTS_TO_TRADE_ITEMS;;;Piece;;;;;;0.1;GLOVE EXAMINATION, nitrile, pf, size XXL;;;;;;;;;;PPEGLOE005
C1049;PACK_SIZE;;COVID_PPE_HEALTHCARE_PROVIDERS_PROTECTION,LMIS,PRODUCTS_TO_TRADE_ITEMS;;;Piece;;;;;;1;FACE SHIELD, clear plastic, disposable;;;;;;;;;;PPEFACE001
C1050;PACK_SIZE;;COVID_PPE_HEALTHCARE_PROVIDERS_PROTECTION,LMIS,PRODUCTS_TO_TRADE_ITEMS;;;Piece;;;;;;6;MASK, MEDICAL / SURGICAL, type II or higher;;;;;;;;;;PPEMASS001
C1051;PACK_SIZE;;COVID_PPE_HEALTHCARE_PROVIDERS_PROTECTION,LMIS,PRODUCTS_TO_TRADE_ITEMS;;;Piece;;;;;;6;GOWN, SURGICAL/ISOLATION, non sterile, size small;;;;;;;;;;PPEGOWS001
C1052;PACK_SIZE;;COVID_PPE_HEALTHCARE_PROVIDERS_PROTECTION,LMIS,PRODUCTS_TO_TRADE_ITEMS;;;Piece;;;;;;6;GOWN, SURGICAL/ISOLATION, non sterile, size medium;;;;;;;;;;PPEGOWS002
C1053;PACK_SIZE;;COVID_PPE_HEALTHCARE_PROVIDERS_PROTECTION,LMIS,PRODUCTS_TO_TRADE_ITEMS;;;Piece;;;;;;6;GOWN, SURGICAL/ISOLATION, non sterile, size large;;;;;;;;;;PPEGOWS003
C1054;PACK_SIZE;;COVID_PPE_HEALTHCARE_PROVIDERS_PROTECTION,LMIS,PRODUCTS_TO_TRADE_ITEMS;;;Piece;;;;;;6;GOWN, SURGICAL/ISOLATION, non sterile, size XXL;;;;;;;;;;PPEGOWS004
C1055;PACK_SIZE;;COVID_PPE_HEALTHCARE_PROVIDERS_PROTECTION,LMIS,PRODUCTS_TO_TRADE_ITEMS;;;Piece;;;;;;13;GOGGLES PROTECTIVE, wraparound, soft frame, indirect vent;;;;;;;;;;PPEGOGG001
C1056;PACK_SIZE;;COVID_PPE_HEALTHCARE_PROVIDERS_PROTECTION,LMIS,PRODUCTS_TO_TRADE_ITEMS;;;Piece;;;;;;0.4;BIO HAZARD BAG, Disposal bag , 50 microns, mini 30 liters;;;;;;;;;;PPEBAGB001
C1057;PACK_SIZE;;COVID_DIAGNOSTICS_MANUAL_PCR,LMIS,PRODUCTS_TO_TRADE_ITEMS;;;Each;;;;;;8;Lab screening test kit (Primers and probes);;;;;;;;;;DIALSTK001
C1058;PACK_SIZE;;COVID_DIAGNOSTICS_MANUAL_PCR,LMIS,PRODUCTS_TO_TRADE_ITEMS;;;Each;;;;;;3.3;RT-PCR reaction kit;;;;;;;;;;DIARTPC001
C1059;PACK_SIZE;;COVID_DIAGNOSTICS_MANUAL_PCR,LMIS,PRODUCTS_TO_TRADE_ITEMS;;;Each;;;;;;4;Extraction kit;;;;;;;;;;DIAEXTK001
C1060;PACK_SIZE;;COVID_DIAGNOSTICS_MANUAL_PCR,LMIS,PRODUCTS_TO_TRADE_ITEMS;;;Each;;;;;;25000;THERMOCYCLERS for RT-PCR;;;;;;;;;;DIATHEC001
C1061;PACK_SIZE;;COVID_DIAGNOSTICS_SAMPLES,LMIS,PRODUCTS_TO_TRADE_ITEMS;;;Each;;;;;;1.8;Swab and Viral transport medium;;;;;;;;;;DIASWTM001
C1062;PACK_SIZE;;COVID_DIAGNOSTICS_NEAR_PATIENT_PCR_MACHINES,LMIS,PRODUCTS_TO_TRADE_ITEMS;;;Each;;;;;;12500;Near patient PCR machine, 2 modules Instrument;;;;;;;;;;DIAAPCE001
C1063;PACK_SIZE;;COVID_DIAGNOSTICS_NEAR_PATIENT_PCR_MACHINES,LMIS,PRODUCTS_TO_TRADE_ITEMS;;;Each;;;;;;18000;Near patient PCR machine, 4 modules Instrument;;;;;;;;;;DIAAPCE002
C1064;PACK_SIZE;;COVID_DIAGNOSTICS_NEAR_PATIENT_PCR_MACHINES,LMIS,PRODUCTS_TO_TRADE_ITEMS;;;Each;;;;;;20;For Near patient PCR machine – RT-PCR cartridge;;;;;;;;;;DIAAPCC001
C1065;PACK_SIZE;;COVID_DIAGNOSTICS_HIGH_THROUGHPUT_PCR,LMIS,PRODUCTS_TO_TRADE_ITEMS;;;Each;;;;;;15;Test Kits;;;;;;;;;;DIAHTPT001
